report_id,equipment,report_text,failure_type,severity,action_taken
355,Starter ST-205,"Inspection found voltage fluctuation on the starter st-205; sparking was observed while accelerating, and production stopped. Corrective work was completed: the terminal was tightened.",Electrical,Low,the terminal was tightened
173,Roller Assembly RA-273,"Inspection found excessive belt tension on the roller assembly ra-273; increased bearing temperature after a scheduled restart, and the component required immediate attention. Corrective work was completed: the coupling was changed.",Mechanical,High,the coupling was changed
274,Distribution Board DB-124,"A fault was detected on the distribution board db-124 because of poor cable termination. Voltage became unstable during startup, resulting in the motor tripped. Corrective work was completed: the voltage supply was stabilized.",Electrical,Low,the voltage supply was stabilized
219,Pump P-319,"Maintenance personnel reported strong vibration on the pump p-319 after a scheduled restart. Investigation identified a worn bearing, and the equipment was isolated. Corrective work was completed: mounting hardware was tightened.",Mechanical,High,mounting hardware was tightened
820,Steam Generator SG-170,"The steam generator sg-170 developed a fault linked to low coolant level. Surface temperature became excessive during peak production, so the equipment entered protection mode. Corrective work was completed: the cooling circuit was cleaned.",Thermal,High,the cooling circuit was cleaned
164,Mixer MX-264,"A fault was detected on the mixer mx-264 because of an unbalanced rotating assembly. Intermittent knocking after recent maintenance, resulting in throughput dropped. Corrective work was completed: the bearing was replaced.",Mechanical,Critical,the bearing was replaced
768,Steam Generator SG-118,"The steam generator sg-118 developed a fault linked to uneven heat distribution. Thermal reading fluctuated while operating at high pressure, so an automatic shutdown occurred. Corrective work was completed: the cooling circuit was cleaned.",Thermal,High,the cooling circuit was cleaned
652,Air Filter Unit AF-252,"A fault was detected on the air filter unit af-252 because of moisture accumulation. Pressure fluctuated during operation under continuous demand, resulting in the pneumatic system was isolated. Corrective work was completed: the air filter was changed.",Pneumatic,High,the air filter was changed
778,Steam Generator SG-128,"A fault was detected on the steam generator sg-128 because of uneven heat distribution. The chamber overheated while processing a high-temperature batch, resulting in production was interrupted. Corrective work was completed: the cooling circuit was cleaned.",Thermal,Low,the cooling circuit was cleaned
917,Cooling Unit CU-267,"Maintenance personnel reported the chamber overheated on the cooling unit cu-267 after a cooling-system restart. Investigation identified a blocked cooling passage, and the equipment was taken offline. Corrective work was completed: coolant was replenished.",Thermal,Medium,coolant was replenished
206,Rotary Feeder RF-306,"The rotary feeder rf-306 developed a fault linked to an unbalanced rotating assembly. Increased mechanical noise while running at high speed, so the machine tripped. Corrective work was completed: damaged gears were replaced.",Mechanical,Low,damaged gears were replaced
937,Oil Cooler OC-287,"Maintenance personnel reported surface temperature became excessive on the oil cooler oc-287 during extended operation. Investigation identified a blocked cooling passage, and an emergency alarm was triggered. Corrective work was completed: the pressure valve was inspected.",Thermal,Medium,the pressure valve was inspected
722,Pneumatic Actuator PA-322,"The pneumatic actuator pa-322 developed a fault linked to a loose pipe fitting. Airflow became restricted during automatic operation, so operator intervention was required. Corrective work was completed: the control valve was replaced.",Pneumatic,High,the control valve was replaced
93,Gearbox GB-193,"Inspection found a worn bearing on the gearbox gb-193; shaft oscillation under full load, and the machine tripped. Corrective work was completed: the bearing was replaced.",Mechanical,High,the bearing was replaced
862,Industrial Furnace F-212,"A fault was detected on the industrial furnace f-212 because of a blocked cooling passage. Pressure increased unexpectedly during startup heating, resulting in the process was paused. Corrective work was completed: the cooling passage was cleared.",Thermal,Low,the cooling passage was cleared
838,Process Heater PH-188,"A fault was detected on the process heater ph-188 because of a defective pressure valve. Steam temperature exceeded the target while operating at high pressure, resulting in the line operated at reduced capacity. Corrective work was completed: the temperature sensor was replaced.",Thermal,Medium,the temperature sensor was replaced
305,Drive Motor DM-155,"Maintenance personnel reported supply voltage dropped on the drive motor dm-155 during production changeover. Investigation identified an overloaded circuit, and production capacity was reduced. Corrective work was completed: the terminal was tightened.",Electrical,Critical,the terminal was tightened
550,Air Receiver AR-150,"The air receiver ar-150 developed a fault linked to a clogged air filter. System pressure fell below the target when multiple actuators operated together, so production efficiency decreased. Corrective work was completed: the control valve was replaced.",Pneumatic,Medium,the control valve was replaced
621,Air Manifold AM-221,"Inspection found a blocked air passage on the air manifold am-221; the valve responded slowly while the compressor was loaded, and production efficiency decreased. Corrective work was completed: the pipe fitting was tightened.",Pneumatic,Medium,the pipe fitting was tightened
628,Pneumatic Actuator PA-228,"A fault was detected on the pneumatic actuator pa-228 because of a loose pipe fitting. The cylinder failed to complete its stroke under continuous demand, resulting in the equipment was taken offline. Corrective work was completed: the moisture separator was serviced.",Pneumatic,Low,the moisture separator was serviced
304,Drive Motor DM-154,"The drive motor dm-154 developed a fault linked to a defective relay. Intermittent power loss occurred after the equipment was restarted, so the unit required electrical inspection. Corrective work was completed: the motor winding was inspected.",Electrical,High,the motor winding was inspected
579,Pneumatic Actuator PA-179,"Maintenance personnel reported airflow became restricted on the pneumatic actuator pa-179 at maximum air consumption. Investigation identified a cracked air line, and the unit entered a low-pressure condition. Corrective work was completed: the moisture separator was serviced.",Pneumatic,Critical,the moisture separator was serviced
549,Air Dryer AD-149,"Inspection found a blocked air passage on the air dryer ad-149; the compressor cycled frequently after a maintenance restart, and the production cycle was delayed. Corrective work was completed: the leaking hose was replaced.",Pneumatic,High,the leaking hose was replaced
308,Control Panel CP-158,"The control panel cp-158 developed a fault linked to a failed contactor. Sparking was observed after a power fluctuation, so the line lost power. Corrective work was completed: the overload was corrected.",Electrical,Critical,the overload was corrected
648,Air Dryer AD-248,"A fault was detected on the air dryer ad-248 because of a blocked air passage. The cylinder failed to complete its stroke at maximum air consumption, resulting in cycle time increased. Corrective work was completed: the control valve was replaced.",Pneumatic,Medium,the control valve was replaced
479,Distribution Board DB-329,"Inspection found a short circuit on the distribution board db-329; the equipment shut down unexpectedly during startup, and production stopped. Corrective work was completed: the relay was replaced.",Electrical,Medium,the relay was replaced
790,Cooling Unit CU-140,"A fault was detected on the cooling unit cu-140 because of excessive fuel input. The unit could not maintain the set temperature after a long operating cycle, resulting in the unit was isolated for inspection. Corrective work was completed: thermal insulation was repaired.",Thermal,High,thermal insulation was repaired
481,Drive Motor DM-331,"Maintenance personnel reported the drive reported an overload on the drive motor dm-331 at peak operating speed. Investigation identified voltage fluctuation, and the equipment remained unavailable. Corrective work was completed: the voltage supply was stabilized.",Electrical,Critical,the voltage supply was stabilized
151,Gearbox GB-251,"Maintenance personnel reported unstable rotational speed on the gearbox gb-251 under variable load. Investigation identified shaft misalignment, and maintenance was requested. Corrective work was completed: the rotating assembly was balanced.",Mechanical,Low,the rotating assembly was balanced
113,Roller Assembly RA-213,"Inspection found shaft misalignment on the roller assembly ra-213; strong vibration during peak production, and the unit was taken offline. Corrective work was completed: the shaft was realigned.",Mechanical,High,the shaft was realigned
212,Pump P-312,"A fault was detected on the pump p-312 because of gear tooth wear. Strong vibration during inspection, resulting in the component required immediate attention. Corrective work was completed: damaged gears were replaced.",Mechanical,Critical,damaged gears were replaced
421,Motor M-271,"Maintenance personnel reported sparking was observed on the motor m-271 during production changeover. Investigation identified an overheated electrical connection, and an emergency stop was initiated. Corrective work was completed: the cable termination was corrected.",Electrical,High,the cable termination was corrected
419,Drive Motor DM-269,"Inspection found a failed contactor on the drive motor dm-269; the drive reported an overload under maximum load, and the line lost power. Corrective work was completed: insulation was repaired.",Electrical,Medium,insulation was repaired
668,Pneumatic Cylinder PC-268,"A fault was detected on the pneumatic cylinder pc-268 because of a damaged pneumatic seal. System pressure fell below the target after a maintenance restart, resulting in the actuator stopped. Corrective work was completed: the pneumatic seal was renewed.",Pneumatic,Critical,the pneumatic seal was renewed
608,Air Dryer AD-208,"A fault was detected on the air dryer ad-208 because of a damaged pneumatic seal. Pressure could not be maintained after filter replacement, resulting in operator intervention was required. Corrective work was completed: the pneumatic seal was renewed.",Pneumatic,Medium,the pneumatic seal was renewed
872,Hot-Air Oven O-222,"The hot-air oven o-222 developed a fault linked to a defective pressure valve. Heat transfer efficiency dropped under maximum thermal load, so the equipment entered protection mode. Corrective work was completed: thermal insulation was repaired.",Thermal,Medium,thermal insulation was repaired
416,Power Supply PS-266,"The power supply ps-266 developed a fault linked to voltage fluctuation. Voltage became unstable during routine testing, so the unit required electrical inspection. Corrective work was completed: the motor winding was inspected.",Electrical,Low,the motor winding was inspected
495,Electrical Cabinet EC-345,"Inspection found an overheated electrical connection on the electrical cabinet ec-345; current exceeded its normal range after the equipment was restarted, and the machine could not continue operation. Corrective work was completed: the overload was corrected.",Electrical,Low,the overload was corrected
475,Motor M-325,"Inspection found voltage fluctuation on the motor m-325; current exceeded its normal range after an overnight shutdown, and an emergency stop was initiated. Corrective work was completed: the motor winding was inspected.",Electrical,Low,the motor winding was inspected
118,Conveyor CV-218,"The conveyor cv-218 developed a fault linked to excessive belt tension. Intermittent knocking under variable load, so operator intervention was required. Corrective work was completed: the rollers were replaced.",Mechanical,High,the rollers were replaced
127,Gearbox GB-227,"Maintenance personnel reported increased mechanical noise on the gearbox gb-227 under variable load. Investigation identified excessive belt tension, and the unit was taken offline. Corrective work was completed: mounting hardware was tightened.",Mechanical,Low,mounting hardware was tightened
618,Air Dryer AD-218,"The air dryer ad-218 developed a fault linked to a cracked air line. Airflow became restricted during automatic operation, so the pneumatic system was isolated. Corrective work was completed: the pneumatic seal was renewed.",Pneumatic,Critical,the pneumatic seal was renewed
664,Pneumatic Cylinder PC-264,"A fault was detected on the pneumatic cylinder pc-264 because of a damaged pneumatic seal. Pressure fluctuated during operation after a maintenance restart, resulting in cycle time increased. Corrective work was completed: the control valve was replaced.",Pneumatic,Critical,the control valve was replaced
158,Fan F-258,"The fan f-258 developed a fault linked to shaft misalignment. Belt tracking deviation under full load, so the unit was taken offline. Corrective work was completed: the seal was renewed.",Mechanical,Low,the seal was renewed
486,Electrical Cabinet EC-336,"A fault was detected on the electrical cabinet ec-336 because of a short circuit. The drive reported an overload during startup, resulting in production capacity was reduced. Corrective work was completed: the motor winding was inspected.",Electrical,Critical,the motor winding was inspected
474,Electrical Cabinet EC-324,"A fault was detected on the electrical cabinet ec-324 because of a short circuit. Supply voltage dropped after the equipment was restarted, resulting in the motor tripped. Corrective work was completed: the motor winding was inspected.",Electrical,Critical,the motor winding was inspected
638,Air Compressor AC-238,"The air compressor ac-238 developed a fault linked to a cracked air line. The cylinder failed to complete its stroke during automatic operation, so production efficiency decreased. Corrective work was completed: the pneumatic seal was renewed.",Pneumatic,Medium,the pneumatic seal was renewed
478,Control Panel CP-328,"A fault was detected on the control panel cp-328 because of an overloaded circuit. Voltage became unstable at peak operating speed, resulting in the machine could not continue operation. Corrective work was completed: the motor winding was inspected.",Electrical,Medium,the motor winding was inspected
622,Pneumatic Cylinder PC-222,"The pneumatic cylinder pc-222 developed a fault linked to moisture accumulation. Airflow became restricted while the compressor was loaded, so the actuator stopped. Corrective work was completed: the air filter was changed.",Pneumatic,Medium,the air filter was changed
921,Oil Cooler OC-271,"Maintenance personnel reported temperature rose above the permitted limit on the oil cooler oc-271 during extended operation. Investigation identified poor thermal insulation, and the line operated at reduced capacity. Corrective work was completed: thermal insulation was repaired.",Thermal,Medium,thermal insulation was repaired
992,Heat Exchanger HX-342,"The heat exchanger hx-342 developed a fault linked to excessive fuel input. Cooling performance deteriorated while operating at high pressure, so an emergency alarm was triggered. Corrective work was completed: the thermostat was replaced.",Thermal,Critical,the thermostat was replaced
448,Variable Frequency Drive VFD-298,"The variable frequency drive vfd-298 developed a fault linked to poor cable termination. Current exceeded its normal range during production changeover, so the drive entered fault mode. Corrective work was completed: the motor winding was inspected.",Electrical,Low,the motor winding was inspected
249,Conveyor CV-349,"Inspection found gear tooth wear on the conveyor cv-349; belt tracking deviation while running at high speed, and throughput dropped. Corrective work was completed: belt tension was corrected.",Mechanical,Medium,belt tension was corrected
623,Pneumatic Actuator PA-223,"Maintenance personnel reported airflow became restricted on the pneumatic actuator pa-223 during repeated actuator cycles. Investigation identified excessive pressure loss, and the actuator stopped. Corrective work was completed: the pressure circuit was inspected.",Pneumatic,Critical,the pressure circuit was inspected
381,Distribution Board DB-231,"Maintenance personnel reported voltage became unstable on the distribution board db-231 during continuous operation. Investigation identified a short circuit, and an emergency stop was initiated. Corrective work was completed: the contactor was replaced.",Electrical,Critical,the contactor was replaced
183,Roller Assembly RA-283,"Maintenance personnel reported strong vibration on the roller assembly ra-283 during inspection. Investigation identified insufficient lubrication, and output quality decreased. Corrective work was completed: the bearing was replaced.",Mechanical,Low,the bearing was replaced
562,Pneumatic Cylinder PC-162,"The pneumatic cylinder pc-162 developed a fault linked to a cracked air line. The actuator moved slowly during repeated actuator cycles, so the production cycle was delayed. Corrective work was completed: the pipe fitting was tightened.",Pneumatic,Medium,the pipe fitting was tightened
271,Generator GEN-121,"Inspection found a loose terminal on the generator gen-121; supply voltage dropped during routine testing, and the machine could not continue operation. Corrective work was completed: the voltage supply was stabilized.",Electrical,Medium,the voltage supply was stabilized
434,Electrical Cabinet EC-284,"A fault was detected on the electrical cabinet ec-284 because of a failed contactor. Supply voltage dropped at peak operating speed, resulting in the line lost power. Corrective work was completed: the cable termination was corrected.",Electrical,Critical,the cable termination was corrected
656,Air Manifold AM-256,"A fault was detected on the air manifold am-256 because of a faulty pressure regulator. The valve responded slowly after filter replacement, resulting in cycle time increased. Corrective work was completed: the cracked air line was repaired.",Pneumatic,Low,the cracked air line was repaired
565,Compressed-Air Line AL-165,"Inspection found a defective control valve on the compressed-air line al-165; pressure fluctuated during operation at maximum air consumption, and operator intervention was required. Corrective work was completed: the pneumatic seal was renewed.",Pneumatic,High,the pneumatic seal was renewed
597,Air Filter Unit AF-197,"Inspection found a clogged air filter on the air filter unit af-197; airflow became restricted after a maintenance restart, and production efficiency decreased. Corrective work was completed: the pneumatic seal was renewed.",Pneumatic,Critical,the pneumatic seal was renewed
629,Pneumatic Valve PV-229,"Inspection found a faulty pressure regulator on the pneumatic valve pv-229; pressure fluctuated during operation when multiple actuators operated together, and the pneumatic system was isolated. Corrective work was completed: the pneumatic seal was renewed.",Pneumatic,Medium,the pneumatic seal was renewed
969,Process Heater PH-319,"Maintenance personnel reported oil temperature increased rapidly on the process heater ph-319 during startup heating. Investigation identified restricted coolant flow, and an automatic shutdown occurred. Corrective work was completed: the thermostat was replaced.",Thermal,Low,the thermostat was replaced
635,Air Dryer AD-235,"Maintenance personnel reported airflow became restricted on the air dryer ad-235 while the compressor was loaded. Investigation identified a damaged pneumatic seal, and the actuator stopped. Corrective work was completed: the pipe fitting was tightened.",Pneumatic,Low,the pipe fitting was tightened
552,Air Compressor AC-152,"A fault was detected on the air compressor ac-152 because of a loose pipe fitting. The actuator moved slowly during automatic operation, resulting in the production cycle was delayed. Corrective work was completed: the regulator was recalibrated.",Pneumatic,Critical,the regulator was recalibrated
494,Electrical Cabinet EC-344,"A fault was detected on the electrical cabinet ec-344 because of poor cable termination. Motor temperature rose sharply during startup, resulting in the machine could not continue operation. Corrective work was completed: the damaged cable was repaired.",Electrical,Critical,the damaged cable was repaired
926,Steam Generator SG-276,"A fault was detected on the steam generator sg-276 because of a malfunctioning thermostat. The chamber overheated after a cooling-system restart, resulting in the process was paused. Corrective work was completed: heat dissipation was restored.",Thermal,Low,heat dissipation was restored
906,Boiler B-256,"A fault was detected on the boiler b-256 because of a malfunctioning thermostat. The unit could not maintain the set temperature during a routine temperature check, resulting in the unit was isolated for inspection. Corrective work was completed: the cooling circuit was cleaned.",Thermal,Critical,the cooling circuit was cleaned
233,Agitator AG-333,"Inspection found a cracked coupling on the agitator ag-333; uneven rotation during continuous operation, and throughput dropped. Corrective work was completed: damaged gears were replaced.",Mechanical,Medium,damaged gears were replaced
439,Electrical Cabinet EC-289,"Inspection found voltage fluctuation on the electrical cabinet ec-289; the equipment shut down unexpectedly under maximum load, and the equipment remained unavailable. Corrective work was completed: the cable termination was corrected.",Electrical,Low,the cable termination was corrected
505,Pneumatic Valve PV-105,"Inspection found a faulty pressure regulator on the pneumatic valve pv-105; the compressor cycled frequently while the compressor was loaded, and cycle time increased. Corrective work was completed: the pressure circuit was inspected.",Pneumatic,Medium,the pressure circuit was inspected
489,Starter ST-339,"Maintenance personnel reported supply voltage dropped on the starter st-339 during production changeover. Investigation identified a loose terminal, and the equipment remained unavailable. Corrective work was completed: the relay was replaced.",Electrical,High,the relay was replaced
411,Servo Motor SM-261,"Inspection found a failed contactor on the servo motor sm-261; supply voltage dropped under maximum load, and the drive entered fault mode. Corrective work was completed: the overload was corrected.",Electrical,High,the overload was corrected
253,Control Panel CP-103,"Maintenance personnel reported the equipment shut down unexpectedly on the control panel cp-103 after the equipment was restarted. Investigation identified poor cable termination, and production stopped. Corrective work was completed: the electrical connection was replaced.",Electrical,Low,the electrical connection was replaced
483,Drive Motor DM-333,"Inspection found an overheated electrical connection on the drive motor dm-333; the equipment shut down unexpectedly after the equipment was restarted, and the motor tripped. Corrective work was completed: the terminal was tightened.",Electrical,Medium,the terminal was tightened
380,Generator GEN-230,"The generator gen-230 developed a fault linked to a loose terminal. The equipment shut down unexpectedly at peak operating speed, so an emergency stop was initiated. Corrective work was completed: the terminal was tightened.",Electrical,High,the terminal was tightened
54,Roller Assembly RA-154,"The roller assembly ra-154 developed a fault linked to an unbalanced rotating assembly. Uneven rotation during inspection, so the equipment was isolated. Corrective work was completed: the rollers were replaced.",Mechanical,Critical,the rollers were replaced
841,Steam Generator SG-191,"Maintenance personnel reported oil temperature increased rapidly on the steam generator sg-191 during a routine temperature check. Investigation identified restricted coolant flow, and the equipment was taken offline. Corrective work was completed: the cooling circuit was cleaned.",Thermal,Critical,the cooling circuit was cleaned
732,Pneumatic Actuator PA-332,"A fault was detected on the pneumatic actuator pa-332 because of a loose pipe fitting. The actuator moved slowly during repeated actuator cycles, resulting in the unit entered a low-pressure condition. Corrective work was completed: the blocked passage was cleaned.",Pneumatic,Low,the blocked passage was cleaned
710,Air Compressor AC-310,"The air compressor ac-310 developed a fault linked to a blocked air passage. The valve responded slowly after filter replacement, so the production cycle was delayed. Corrective work was completed: the regulator was recalibrated.",Pneumatic,Medium,the regulator was recalibrated
826,Steam Generator SG-176,"A fault was detected on the steam generator sg-176 because of a blocked cooling passage. Pressure increased unexpectedly after a long operating cycle, resulting in the process was paused. Corrective work was completed: the cooling passage was cleared.",Thermal,Low,the cooling passage was cleared
496,Starter ST-346,"The starter st-346 developed a fault linked to an overloaded circuit. Sparking was observed during production changeover, so the unit required electrical inspection. Corrective work was completed: the contactor was replaced.",Electrical,Medium,the contactor was replaced
714,Pressure Regulator PR-314,"The pressure regulator pr-314 developed a fault linked to a defective control valve. The pneumatic circuit became unstable when multiple actuators operated together, so cycle time increased. Corrective work was completed: the moisture separator was serviced.",Pneumatic,Low,the moisture separator was serviced
804,Industrial Furnace F-154,"The industrial furnace f-154 developed a fault linked to uneven heat distribution. Oil temperature increased rapidly under maximum thermal load, so the equipment was taken offline. Corrective work was completed: the cooling passage was cleared.",Thermal,High,the cooling passage was cleared
263,Control Panel CP-113,"Inspection found a loose terminal on the control panel cp-113; the drive reported an overload during production changeover, and the operator isolated the equipment. Corrective work was completed: the relay was replaced.",Electrical,High,the relay was replaced
266,Generator GEN-116,"A fault was detected on the generator gen-116 because of voltage fluctuation. The drive reported an overload during startup, resulting in the line lost power. Corrective work was completed: the relay was replaced.",Electrical,Low,the relay was replaced
859,Hot-Air Oven O-209,"Inspection found insufficient heat dissipation on the hot-air oven o-209; steam temperature exceeded the target under maximum thermal load, and the equipment entered protection mode. Corrective work was completed: fuel input was adjusted.",Thermal,Low,fuel input was adjusted
813,Thermal Chamber TC-163,"Maintenance personnel reported cooling performance deteriorated on the thermal chamber tc-163 during extended operation. Investigation identified insufficient heat dissipation, and the equipment entered protection mode. Corrective work was completed: the temperature sensor was replaced.",Thermal,High,the temperature sensor was replaced
860,Cooling Unit CU-210,"The cooling unit cu-210 developed a fault linked to a malfunctioning thermostat. Oil temperature increased rapidly under maximum thermal load, so the process was paused. Corrective work was completed: thermal insulation was repaired.",Thermal,Low,thermal insulation was repaired
663,Pneumatic Cylinder PC-263,"Maintenance personnel reported the compressor cycled frequently on the pneumatic cylinder pc-263 after filter replacement. Investigation identified a faulty pressure regulator, and the production cycle was delayed. Corrective work was completed: the moisture separator was serviced.",Pneumatic,High,the moisture separator was serviced
805,Thermal Reactor TR-155,"Maintenance personnel reported the chamber overheated on the thermal reactor tr-155 while processing a high-temperature batch. Investigation identified poor thermal insulation, and the process was paused. Corrective work was completed: heat dissipation was restored.",Thermal,Critical,heat dissipation was restored
257,Variable Frequency Drive VFD-107,"Maintenance personnel reported the drive reported an overload on the variable frequency drive vfd-107 after a power fluctuation. Investigation identified insulation breakdown, and the line lost power. Corrective work was completed: insulation was repaired.",Electrical,Medium,insulation was repaired
190,Fan F-290,"The fan f-290 developed a fault linked to shaft misalignment. Abnormal friction during startup, so the line operated at reduced speed. Corrective work was completed: the seal was renewed.",Mechanical,Low,the seal was renewed
435,Electrical Cabinet EC-285,"Inspection found a failed contactor on the electrical cabinet ec-285; intermittent power loss occurred under maximum load, and production capacity was reduced. Corrective work was completed: the terminal was tightened.",Electrical,Low,the terminal was tightened
333,Variable Frequency Drive VFD-183,"Maintenance personnel reported sparking was observed on the variable frequency drive vfd-183 after the equipment was restarted. Investigation identified a short circuit, and the equipment remained unavailable. Corrective work was completed: insulation was repaired.",Electrical,Medium,insulation was repaired
48,Pump P-148,"A fault was detected on the pump p-148 because of insufficient lubrication. Uneven rotation under variable load, resulting in the component required immediate attention. Corrective work was completed: the shaft was realigned.",Mechanical,Critical,the shaft was realigned
81,Mixer MX-181,"Inspection found roller damage on the mixer mx-181; strong vibration after recent maintenance, and production was stopped. Corrective work was completed: mounting hardware was tightened.",Mechanical,Low,mounting hardware was tightened
300,Electrical Cabinet EC-150,"The electrical cabinet ec-150 developed a fault linked to a loose terminal. Repeated electrical trips occurred at peak operating speed, so the motor tripped. Corrective work was completed: the terminal was tightened.",Electrical,Medium,the terminal was tightened
292,Servo Motor SM-142,"The servo motor sm-142 developed a fault linked to insulation breakdown. Repeated electrical trips occurred under maximum load, so production capacity was reduced. Corrective work was completed: insulation was repaired.",Electrical,Critical,insulation was repaired
809,Thermal Reactor TR-159,"Maintenance personnel reported the unit could not maintain the set temperature on the thermal reactor tr-159 under maximum thermal load. Investigation identified a faulty temperature sensor, and the equipment entered protection mode. Corrective work was completed: the temperature sensor was replaced.",Thermal,Critical,the temperature sensor was replaced
694,Air Compressor AC-294,"The air compressor ac-294 developed a fault linked to a defective control valve. Pressure fluctuated during operation during the morning shift, so cycle time increased. Corrective work was completed: the control valve was replaced.",Pneumatic,Medium,the control valve was replaced
764,Thermal Reactor TR-114,"The thermal reactor tr-114 developed a fault linked to poor thermal insulation. Oil temperature increased rapidly during a routine temperature check, so an automatic shutdown occurred. Corrective work was completed: fuel input was adjusted.",Thermal,High,fuel input was adjusted
30,Roller Assembly RA-130,"The roller assembly ra-130 developed a fault linked to roller damage. Belt tracking deviation during startup, so maintenance was requested. Corrective work was completed: belt tension was corrected.",Mechanical,Critical,belt tension was corrected
684,Air Filter Unit AF-284,"A fault was detected on the air filter unit af-284 because of a loose pipe fitting. Airflow became restricted during a pressure test, resulting in production efficiency decreased. Corrective work was completed: the pressure circuit was inspected.",Pneumatic,High,the pressure circuit was inspected
21,Conveyor CV-121,"Inspection found shaft misalignment on the conveyor cv-121; uneven rotation under variable load, and the equipment was isolated. Corrective work was completed: the coupling was changed.",Mechanical,Medium,the coupling was changed
544,Compressed-Air Line AL-144,"A fault was detected on the compressed-air line al-144 because of a cracked air line. Pressure fluctuated during operation during a pressure test, resulting in the equipment was taken offline. Corrective work was completed: the cracked air line was repaired.",Pneumatic,Medium,the cracked air line was repaired
724,Pneumatic Valve PV-324,"A fault was detected on the pneumatic valve pv-324 because of a leaking hose. The cylinder failed to complete its stroke under continuous demand, resulting in the unit entered a low-pressure condition. Corrective work was completed: the leaking hose was replaced.",Pneumatic,Low,the leaking hose was replaced
146,Coupling CP-246,"The coupling cp-246 developed a fault linked to gear tooth wear. Strong vibration after recent maintenance, so throughput dropped. Corrective work was completed: the rotating assembly was balanced.",Mechanical,High,the rotating assembly was balanced
598,Pneumatic Actuator PA-198,"The pneumatic actuator pa-198 developed a fault linked to a leaking hose. The pneumatic circuit became unstable at maximum air consumption, so machine speed was reduced. Corrective work was completed: the cracked air line was repaired.",Pneumatic,High,the cracked air line was repaired
827,Process Heater PH-177,"Inspection found a defective pressure valve on the process heater ph-177; temperature rose above the permitted limit after a long operating cycle, and the process was paused. Corrective work was completed: coolant was replenished.",Thermal,High,coolant was replenished
750,Air Compressor AC-350,"The air compressor ac-350 developed a fault linked to a leaking hose. Air leakage was audible after a maintenance restart, so machine speed was reduced. Corrective work was completed: the blocked passage was cleaned.",Pneumatic,Medium,the blocked passage was cleaned
511,Pressure Regulator PR-111,"Maintenance personnel reported the cylinder failed to complete its stroke on the pressure regulator pr-111 during automatic operation. Investigation identified moisture accumulation, and cycle time increased. Corrective work was completed: the moisture separator was serviced.",Pneumatic,Medium,the moisture separator was serviced
879,Heat Exchanger HX-229,"Inspection found low coolant level on the heat exchanger hx-229; pressure increased unexpectedly after a cooling-system restart, and the line operated at reduced capacity. Corrective work was completed: thermal insulation was repaired.",Thermal,High,thermal insulation was repaired
105,Conveyor CV-205,"Inspection found excessive belt tension on the conveyor cv-205; intermittent knocking after a long production cycle, and operator intervention was required. Corrective work was completed: the bearing was replaced.",Mechanical,Medium,the bearing was replaced
963,Thermal Chamber TC-313,"Inspection found insufficient heat dissipation on the thermal chamber tc-313; thermal reading fluctuated during peak production, and production was interrupted. Corrective work was completed: thermal insulation was repaired.",Thermal,Low,thermal insulation was repaired
393,Electrical Cabinet EC-243,"Maintenance personnel reported repeated electrical trips occurred on the electrical cabinet ec-243 while accelerating. Investigation identified a loose terminal, and production stopped. Corrective work was completed: insulation was repaired.",Electrical,High,insulation was repaired
423,Drive Motor DM-273,"Inspection found insulation breakdown on the drive motor dm-273; voltage became unstable during startup, and the line lost power. Corrective work was completed: the cable termination was corrected.",Electrical,Medium,the cable termination was corrected
794,Steam Generator SG-144,"A fault was detected on the steam generator sg-144 because of low coolant level. The chamber overheated during startup heating, resulting in production was interrupted. Corrective work was completed: the thermostat was replaced.",Thermal,Low,the thermostat was replaced
546,Compressed-Air Line AL-146,"The compressed-air line al-146 developed a fault linked to a blocked air passage. The compressor cycled frequently during repeated actuator cycles, so the equipment was taken offline. Corrective work was completed: the pressure circuit was inspected.",Pneumatic,Critical,the pressure circuit was inspected
720,Pneumatic Valve PV-320,"A fault was detected on the pneumatic valve pv-320 because of a blocked air passage. The actuator moved slowly while the compressor was loaded, resulting in the unit entered a low-pressure condition. Corrective work was completed: the blocked passage was cleaned.",Pneumatic,Low,the blocked passage was cleaned
585,Air Dryer AD-185,"Inspection found a damaged pneumatic seal on the air dryer ad-185; the compressor cycled frequently during a pressure test, and the production cycle was delayed. Corrective work was completed: the regulator was recalibrated.",Pneumatic,High,the regulator was recalibrated
205,Roller Assembly RA-305,"Inspection found an unbalanced rotating assembly on the roller assembly ra-305; strong vibration while running at high speed, and the component required immediate attention. Corrective work was completed: the seal was renewed.",Mechanical,High,the seal was renewed
885,Thermal Reactor TR-235,"Maintenance personnel reported thermal reading fluctuated on the thermal reactor tr-235 after a long operating cycle. Investigation identified poor thermal insulation, and the equipment entered protection mode. Corrective work was completed: the thermostat was replaced.",Thermal,Critical,the thermostat was replaced
241,Gearbox GB-341,"Inspection found seal deterioration on the gearbox gb-341; unstable rotational speed during continuous operation, and maintenance was requested. Corrective work was completed: the seal was renewed.",Mechanical,High,the seal was renewed
625,Compressed-Air Line AL-225,"Inspection found a cracked air line on the compressed-air line al-225; system pressure fell below the target during a pressure test, and the production line paused. Corrective work was completed: the control valve was replaced.",Pneumatic,High,the control valve was replaced
247,Agitator AG-347,"Maintenance personnel reported intermittent knocking on the agitator ag-347 while running at high speed. Investigation identified excessive belt tension, and maintenance was requested. Corrective work was completed: the bearing was replaced.",Mechanical,Critical,the bearing was replaced
868,Steam Generator SG-218,"The steam generator sg-218 developed a fault linked to a faulty temperature sensor. Temperature rose above the permitted limit during a routine temperature check, so the process was paused. Corrective work was completed: heat distribution was recalibrated.",Thermal,High,heat distribution was recalibrated
73,Mixer MX-173,"Inspection found insufficient lubrication on the mixer mx-173; abnormal friction during peak production, and the line operated at reduced speed. Corrective work was completed: the coupling was changed.",Mechanical,Low,the coupling was changed
653,Pneumatic Cylinder PC-253,"Inspection found excessive pressure loss on the pneumatic cylinder pc-253; the valve responded slowly during a pressure test, and the equipment was taken offline. Corrective work was completed: the regulator was recalibrated.",Pneumatic,Low,the regulator was recalibrated
15,Roller Assembly RA-115,"Maintenance personnel reported increased bearing temperature on the roller assembly ra-115 during continuous operation. Investigation identified seal deterioration, and the machine tripped. Corrective work was completed: the seal was renewed.",Mechanical,Low,the seal was renewed
71,Conveyor CV-171,"Maintenance personnel reported uneven rotation on the conveyor cv-171 under variable load. Investigation identified shaft misalignment, and operator intervention was required. Corrective work was completed: the rotating assembly was balanced.",Mechanical,Critical,the rotating assembly was balanced
45,Mixer MX-145,"Inspection found a loose mounting bolt on the mixer mx-145; belt tracking deviation after a scheduled restart, and the component required immediate attention. Corrective work was completed: mounting hardware was tightened.",Mechanical,Low,mounting hardware was tightened
754,Heat Exchanger HX-104,"A fault was detected on the heat exchanger hx-104 because of poor thermal insulation. Pressure increased unexpectedly during extended operation, resulting in the process was paused. Corrective work was completed: heat dissipation was restored.",Thermal,Medium,heat dissipation was restored
970,Thermal Reactor TR-320,"A fault was detected on the thermal reactor tr-320 because of uneven heat distribution. Oil temperature increased rapidly while processing a high-temperature batch, resulting in the unit was isolated for inspection. Corrective work was completed: heat dissipation was restored.",Thermal,Low,heat dissipation was restored
990,Oil Cooler OC-340,"A fault was detected on the oil cooler oc-340 because of excessive fuel input. Pressure increased unexpectedly during a routine temperature check, resulting in the equipment entered protection mode. Corrective work was completed: thermal insulation was repaired.",Thermal,High,thermal insulation was repaired
607,Pneumatic Actuator PA-207,"Maintenance personnel reported airflow became restricted on the pneumatic actuator pa-207 during a pressure test. Investigation identified excessive pressure loss, and the actuator stopped. Corrective work was completed: the moisture separator was serviced.",Pneumatic,Critical,the moisture separator was serviced
760,Thermal Reactor TR-110,"The thermal reactor tr-110 developed a fault linked to a defective pressure valve. The unit could not maintain the set temperature during peak production, so the unit was isolated for inspection. Corrective work was completed: heat dissipation was restored.",Thermal,High,heat dissipation was restored
430,Motor M-280,"A fault was detected on the motor m-280 because of damaged motor winding. The unit failed to start during routine testing, resulting in the line lost power. Corrective work was completed: the cable termination was corrected.",Electrical,Critical,the cable termination was corrected
682,Air Receiver AR-282,"The air receiver ar-282 developed a fault linked to a loose pipe fitting. The pneumatic circuit became unstable after a maintenance restart, so the actuator stopped. Corrective work was completed: the regulator was recalibrated.",Pneumatic,Medium,the regulator was recalibrated
772,Thermal Reactor TR-122,"The thermal reactor tr-122 developed a fault linked to insufficient heat dissipation. Heat transfer efficiency dropped while processing a high-temperature batch, so the process temperature became unstable. Corrective work was completed: coolant was replenished.",Thermal,High,coolant was replenished
2,Shaft Assembly SA-102,"The shaft assembly sa-102 developed a fault linked to seal deterioration. Belt tracking deviation after a long production cycle, so the machine tripped. Corrective work was completed: belt tension was corrected.",Mechanical,Medium,belt tension was corrected
530,Pneumatic Actuator PA-130,"The pneumatic actuator pa-130 developed a fault linked to a defective control valve. Pressure fluctuated during operation after filter replacement, so the production line paused. Corrective work was completed: the pipe fitting was tightened.",Pneumatic,High,the pipe fitting was tightened
978,Process Heater PH-328,"A fault was detected on the process heater ph-328 because of poor thermal insulation. Steam temperature exceeded the target during peak production, resulting in production was interrupted. Corrective work was completed: the pressure valve was inspected.",Thermal,Medium,the pressure valve was inspected
341,Control Panel CP-191,"Maintenance personnel reported the equipment shut down unexpectedly on the control panel cp-191 at peak operating speed. Investigation identified damaged motor winding, and the machine could not continue operation. Corrective work was completed: the electrical connection was replaced.",Electrical,Low,the electrical connection was replaced
96,Conveyor CV-196,"A fault was detected on the conveyor cv-196 because of gear tooth wear. Strong vibration after recent maintenance, resulting in output quality decreased. Corrective work was completed: mounting hardware was tightened.",Mechanical,Low,mounting hardware was tightened
752,Heat Exchanger HX-102,"The heat exchanger hx-102 developed a fault linked to uneven heat distribution. Steam temperature exceeded the target while processing a high-temperature batch, so the equipment was taken offline. Corrective work was completed: the thermostat was replaced.",Thermal,Critical,the thermostat was replaced
506,Pneumatic Valve PV-106,"The pneumatic valve pv-106 developed a fault linked to a defective control valve. Airflow became restricted during repeated actuator cycles, so the production line paused. Corrective work was completed: the blocked passage was cleaned.",Pneumatic,High,the blocked passage was cleaned
659,Compressed-Air Line AL-259,"Maintenance personnel reported air leakage was audible on the compressed-air line al-259 under continuous demand. Investigation identified a defective control valve, and the production cycle was delayed. Corrective work was completed: the air filter was changed.",Pneumatic,Low,the air filter was changed
236,Pump P-336,"A fault was detected on the pump p-336 because of shaft misalignment. Uneven rotation under full load, resulting in output quality decreased. Corrective work was completed: belt tension was corrected.",Mechanical,Critical,belt tension was corrected
324,Electrical Cabinet EC-174,"The electrical cabinet ec-174 developed a fault linked to poor cable termination. Repeated electrical trips occurred at peak operating speed, so the machine could not continue operation. Corrective work was completed: the relay was replaced.",Electrical,Medium,the relay was replaced
569,Air Receiver AR-169,"Inspection found a cracked air line on the air receiver ar-169; the compressor cycled frequently when multiple actuators operated together, and operator intervention was required. Corrective work was completed: the blocked passage was cleaned.",Pneumatic,Low,the blocked passage was cleaned
207,Rotary Feeder RF-307,"Maintenance personnel reported repeated mechanical impact on the rotary feeder rf-307 while running at high speed. Investigation identified a worn bearing, and the line operated at reduced speed. Corrective work was completed: the coupling was changed.",Mechanical,Medium,the coupling was changed
366,Servo Motor SM-216,"A fault was detected on the servo motor sm-216 because of an overloaded circuit. Sparking was observed under maximum load, resulting in the operator isolated the equipment. Corrective work was completed: the terminal was tightened.",Electrical,Medium,the terminal was tightened
536,Pneumatic Actuator PA-136,"A fault was detected on the pneumatic actuator pa-136 because of a blocked air passage. The compressor cycled frequently at maximum air consumption, resulting in the actuator stopped. Corrective work was completed: the moisture separator was serviced.",Pneumatic,Low,the moisture separator was serviced
209,Pump P-309,"Inspection found excessive belt tension on the pump p-309; repeated mechanical impact during continuous operation, and production was stopped. Corrective work was completed: damaged gears were replaced.",Mechanical,Low,damaged gears were replaced
617,Air Dryer AD-217,"Inspection found excessive pressure loss on the air dryer ad-217; the cylinder failed to complete its stroke while the compressor was loaded, and machine speed was reduced. Corrective work was completed: the moisture separator was serviced.",Pneumatic,High,the moisture separator was serviced
187,Fan F-287,"Maintenance personnel reported belt tracking deviation on the fan f-287 during continuous operation. Investigation identified excessive belt tension, and maintenance was requested. Corrective work was completed: the shaft was realigned.",Mechanical,Medium,the shaft was realigned
79,Fan F-179,"Maintenance personnel reported intermittent knocking on the fan f-179 after a long production cycle. Investigation identified roller damage, and the equipment was isolated. Corrective work was completed: lubrication was restored.",Mechanical,Medium,lubrication was restored
383,Power Supply PS-233,"Inspection found insulation breakdown on the power supply ps-233; intermittent power loss occurred after the equipment was restarted, and production capacity was reduced. Corrective work was completed: the motor winding was inspected.",Electrical,Critical,the motor winding was inspected
350,Variable Frequency Drive VFD-200,"A fault was detected on the variable frequency drive vfd-200 because of a defective relay. Current exceeded its normal range after the equipment was restarted, resulting in the machine could not continue operation. Corrective work was completed: the voltage supply was stabilized.",Electrical,High,the voltage supply was stabilized
34,Rotary Feeder RF-134,"The rotary feeder rf-134 developed a fault linked to a loose mounting bolt. Intermittent knocking during continuous operation, so output quality decreased. Corrective work was completed: damaged gears were replaced.",Mechanical,Low,damaged gears were replaced
767,Process Heater PH-117,"Inspection found uneven heat distribution on the process heater ph-117; temperature rose above the permitted limit during peak production, and an emergency alarm was triggered. Corrective work was completed: the cooling circuit was cleaned.",Thermal,High,the cooling circuit was cleaned
224,Coupling CP-324,"A fault was detected on the coupling cp-324 because of a loose mounting bolt. Shaft oscillation during peak production, resulting in the machine tripped. Corrective work was completed: the rollers were replaced.",Mechanical,Low,the rollers were replaced
781,Thermal Reactor TR-131,"Maintenance personnel reported surface temperature became excessive on the thermal reactor tr-131 during startup heating. Investigation identified restricted coolant flow, and the equipment entered protection mode. Corrective work was completed: heat dissipation was restored.",Thermal,Critical,heat dissipation was restored
966,Thermal Reactor TR-316,"A fault was detected on the thermal reactor tr-316 because of a blocked cooling passage. Temperature rose above the permitted limit while operating at high pressure, resulting in the process temperature became unstable. Corrective work was completed: the temperature sensor was replaced.",Thermal,Low,the temperature sensor was replaced
452,Variable Frequency Drive VFD-302,"The variable frequency drive vfd-302 developed a fault linked to voltage fluctuation. Repeated electrical trips occurred during routine testing, so the line lost power. Corrective work was completed: insulation was repaired.",Electrical,Low,insulation was repaired
527,Air Manifold AM-127,"Maintenance personnel reported pressure could not be maintained on the air manifold am-127 while the compressor was loaded. Investigation identified a loose pipe fitting, and machine speed was reduced. Corrective work was completed: the moisture separator was serviced.",Pneumatic,Critical,the moisture separator was serviced
469,Generator GEN-319,"Maintenance personnel reported repeated electrical trips occurred on the generator gen-319 while accelerating. Investigation identified an overloaded circuit, and the line lost power. Corrective work was completed: the overload was corrected.",Electrical,Critical,the overload was corrected
728,Air Dryer AD-328,"A fault was detected on the air dryer ad-328 because of a clogged air filter. Pressure fluctuated during operation when multiple actuators operated together, resulting in the production line paused. Corrective work was completed: the moisture separator was serviced.",Pneumatic,Medium,the moisture separator was serviced
572,Air Compressor AC-172,"A fault was detected on the air compressor ac-172 because of a cracked air line. The valve responded slowly during a pressure test, resulting in the production cycle was delayed. Corrective work was completed: the pneumatic seal was renewed.",Pneumatic,Critical,the pneumatic seal was renewed
502,Air Compressor AC-102,"The air compressor ac-102 developed a fault linked to a leaking hose. Pressure fluctuated during operation after filter replacement, so the production line paused. Corrective work was completed: the pipe fitting was tightened.",Pneumatic,Medium,the pipe fitting was tightened
237,Gearbox GB-337,"Inspection found a worn bearing on the gearbox gb-337; increased bearing temperature after a long production cycle, and the equipment was isolated. Corrective work was completed: the bearing was replaced.",Mechanical,High,the bearing was replaced
197,Coupling CP-297,"Inspection found a worn bearing on the coupling cp-297; abnormal friction after a scheduled restart, and operator intervention was required. Corrective work was completed: mounting hardware was tightened.",Mechanical,Medium,mounting hardware was tightened
556,Pneumatic Actuator PA-156,"A fault was detected on the pneumatic actuator pa-156 because of a defective control valve. Airflow became restricted during a pressure test, resulting in the actuator stopped. Corrective work was completed: the blocked passage was cleaned.",Pneumatic,Low,the blocked passage was cleaned
718,Compressed-Air Line AL-318,"The compressed-air line al-318 developed a fault linked to a clogged air filter. The cylinder failed to complete its stroke while the compressor was loaded, so the production cycle was delayed. Corrective work was completed: the regulator was recalibrated.",Pneumatic,Critical,the regulator was recalibrated
545,Pneumatic Actuator PA-145,"Inspection found a defective control valve on the pneumatic actuator pa-145; the actuator moved slowly during a pressure test, and the equipment was taken offline. Corrective work was completed: the pipe fitting was tightened.",Pneumatic,Medium,the pipe fitting was tightened
974,Oil Cooler OC-324,"A fault was detected on the oil cooler oc-324 because of restricted coolant flow. Cooling performance deteriorated after a long operating cycle, resulting in the equipment was taken offline. Corrective work was completed: the pressure valve was inspected.",Thermal,High,the pressure valve was inspected
837,Steam Generator SG-187,"Maintenance personnel reported temperature rose above the permitted limit on the steam generator sg-187 after a long operating cycle. Investigation identified a malfunctioning thermostat, and an emergency alarm was triggered. Corrective work was completed: the cooling passage was cleared.",Thermal,Critical,the cooling passage was cleared
801,Process Heater PH-151,"Maintenance personnel reported surface temperature became excessive on the process heater ph-151 during continuous heating. Investigation identified a malfunctioning thermostat, and the equipment entered protection mode. Corrective work was completed: the pressure valve was inspected.",Thermal,Low,the pressure valve was inspected
792,Thermal Chamber TC-142,"The thermal chamber tc-142 developed a fault linked to low coolant level. Surface temperature became excessive during startup heating, so an emergency alarm was triggered. Corrective work was completed: heat distribution was recalibrated.",Thermal,Medium,heat distribution was recalibrated
784,Oil Cooler OC-134,"The oil cooler oc-134 developed a fault linked to restricted coolant flow. The chamber overheated during extended operation, so an automatic shutdown occurred. Corrective work was completed: thermal insulation was repaired.",Thermal,Low,thermal insulation was repaired
133,Shaft Assembly SA-233,"Inspection found a loose mounting bolt on the shaft assembly sa-233; unstable rotational speed during peak production, and the unit was taken offline. Corrective work was completed: the bearing was replaced.",Mechanical,Low,the bearing was replaced
994,Heat Exchanger HX-344,"A fault was detected on the heat exchanger hx-344 because of a malfunctioning thermostat. Oil temperature increased rapidly during continuous heating, resulting in operator intervention was required. Corrective work was completed: fuel input was adjusted.",Thermal,Medium,fuel input was adjusted
870,Steam Generator SG-220,"A fault was detected on the steam generator sg-220 because of a defective pressure valve. Cooling performance deteriorated while operating at high pressure, resulting in an emergency alarm was triggered. Corrective work was completed: the cooling passage was cleared.",Thermal,Low,the cooling passage was cleared
277,Control Panel CP-127,"Maintenance personnel reported voltage became unstable on the control panel cp-127 while accelerating. Investigation identified damaged motor winding, and the drive entered fault mode. Corrective work was completed: the relay was replaced.",Electrical,Low,the relay was replaced
309,Distribution Board DB-159,"Maintenance personnel reported supply voltage dropped on the distribution board db-159 after a power fluctuation. Investigation identified insulation breakdown, and the drive entered fault mode. Corrective work was completed: the voltage supply was stabilized.",Electrical,Critical,the voltage supply was stabilized
811,Cooling Unit CU-161,"Inspection found excessive fuel input on the cooling unit cu-161; surface temperature became excessive after a long operating cycle, and an automatic shutdown occurred. Corrective work was completed: fuel input was adjusted.",Thermal,Critical,fuel input was adjusted
115,Agitator AG-215,"Maintenance personnel reported shaft oscillation on the agitator ag-215 under variable load. Investigation identified an unbalanced rotating assembly, and the line operated at reduced speed. Corrective work was completed: damaged gears were replaced.",Mechanical,Critical,damaged gears were replaced
958,Thermal Reactor TR-308,"A fault was detected on the thermal reactor tr-308 because of low coolant level. Surface temperature became excessive under maximum thermal load, resulting in production was interrupted. Corrective work was completed: the cooling passage was cleared.",Thermal,Low,the cooling passage was cleared
94,Coupling CP-194,"The coupling cp-194 developed a fault linked to excessive belt tension. Increased bearing temperature during startup, so maintenance was requested. Corrective work was completed: the shaft was realigned.",Mechanical,High,the shaft was realigned
91,Shaft Assembly SA-191,"Maintenance personnel reported increased mechanical noise on the shaft assembly sa-191 under full load. Investigation identified an unbalanced rotating assembly, and production was stopped. Corrective work was completed: lubrication was restored.",Mechanical,High,lubrication was restored
571,Pneumatic Actuator PA-171,"Maintenance personnel reported pressure fluctuated during operation on the pneumatic actuator pa-171 under continuous demand. Investigation identified a clogged air filter, and the pneumatic system was isolated. Corrective work was completed: the cracked air line was repaired.",Pneumatic,Critical,the cracked air line was repaired
933,Heat Exchanger HX-283,"Maintenance personnel reported temperature rose above the permitted limit on the heat exchanger hx-283 during peak production. Investigation identified low coolant level, and the unit was isolated for inspection. Corrective work was completed: the cooling circuit was cleaned.",Thermal,Low,the cooling circuit was cleaned
242,Gearbox GB-342,"The gearbox gb-342 developed a fault linked to a cracked coupling. Unstable rotational speed during continuous operation, so production was stopped. Corrective work was completed: the seal was renewed.",Mechanical,Critical,the seal was renewed
647,Air Filter Unit AF-247,"Maintenance personnel reported the actuator moved slowly on the air filter unit af-247 under continuous demand. Investigation identified a faulty pressure regulator, and the pneumatic system was isolated. Corrective work was completed: the blocked passage was cleaned.",Pneumatic,Medium,the blocked passage was cleaned
828,Steam Generator SG-178,"The steam generator sg-178 developed a fault linked to uneven heat distribution. Pressure increased unexpectedly while operating at high pressure, so the equipment entered protection mode. Corrective work was completed: the thermostat was replaced.",Thermal,High,the thermostat was replaced
344,Generator GEN-194,"The generator gen-194 developed a fault linked to a loose terminal. Sparking was observed after an overnight shutdown, so the motor tripped. Corrective work was completed: the overload was corrected.",Electrical,High,the overload was corrected
473,Variable Frequency Drive VFD-323,"Maintenance personnel reported supply voltage dropped on the variable frequency drive vfd-323 after the equipment was restarted. Investigation identified an overloaded circuit, and an emergency stop was initiated. Corrective work was completed: the motor winding was inspected.",Electrical,Medium,the motor winding was inspected
399,Servo Motor SM-249,"Inspection found an overheated electrical connection on the servo motor sm-249; intermittent power loss occurred after a power fluctuation, and the drive entered fault mode. Corrective work was completed: the terminal was tightened.",Electrical,High,the terminal was tightened
825,Thermal Reactor TR-175,"Maintenance personnel reported the unit could not maintain the set temperature on the thermal reactor tr-175 while processing a high-temperature batch. Investigation identified a malfunctioning thermostat, and the equipment entered protection mode. Corrective work was completed: the cooling circuit was cleaned.",Thermal,Critical,the cooling circuit was cleaned
471,Motor M-321,"Inspection found a loose terminal on the motor m-321; supply voltage dropped after an overnight shutdown, and production capacity was reduced. Corrective work was completed: the electrical connection was replaced.",Electrical,Low,the electrical connection was replaced
283,Motor M-133,"Inspection found a loose terminal on the motor m-133; intermittent power loss occurred after a power fluctuation, and the drive entered fault mode. Corrective work was completed: the relay was replaced.",Electrical,Low,the relay was replaced
508,Pneumatic Cylinder PC-108,"A fault was detected on the pneumatic cylinder pc-108 because of excessive pressure loss. The valve responded slowly when multiple actuators operated together, resulting in operator intervention was required. Corrective work was completed: the moisture separator was serviced.",Pneumatic,Critical,the moisture separator was serviced
954,Industrial Furnace F-304,"A fault was detected on the industrial furnace f-304 because of a defective pressure valve. Oil temperature increased rapidly while operating at high pressure, resulting in the equipment entered protection mode. Corrective work was completed: the cooling circuit was cleaned.",Thermal,Low,the cooling circuit was cleaned
128,Roller Assembly RA-228,"A fault was detected on the roller assembly ra-228 because of gear tooth wear. Repeated mechanical impact while running at high speed, resulting in the machine tripped. Corrective work was completed: damaged gears were replaced.",Mechanical,Medium,damaged gears were replaced
670,Pneumatic Cylinder PC-270,"The pneumatic cylinder pc-270 developed a fault linked to a blocked air passage. Air leakage was audible after a maintenance restart, so the equipment was taken offline. Corrective work was completed: the regulator was recalibrated.",Pneumatic,Medium,the regulator was recalibrated
103,Mixer MX-203,"Maintenance personnel reported uneven rotation on the mixer mx-203 during continuous operation. Investigation identified insufficient lubrication, and output quality decreased. Corrective work was completed: belt tension was corrected.",Mechanical,High,belt tension was corrected
443,Servo Motor SM-293,"Inspection found a defective relay on the servo motor sm-293; the unit failed to start during production changeover, and the operator isolated the equipment. Corrective work was completed: the relay was replaced.",Electrical,High,the relay was replaced
470,Power Supply PS-320,"A fault was detected on the power supply ps-320 because of an overheated electrical connection. The unit failed to start during production changeover, resulting in the motor tripped. Corrective work was completed: the voltage supply was stabilized.",Electrical,High,the voltage supply was stabilized
109,Roller Assembly RA-209,"Inspection found shaft misalignment on the roller assembly ra-209; abnormal friction under full load, and operator intervention was required. Corrective work was completed: the coupling was changed.",Mechanical,High,the coupling was changed
916,Industrial Furnace F-266,"The industrial furnace f-266 developed a fault linked to poor thermal insulation. Oil temperature increased rapidly while operating at high pressure, so the equipment was taken offline. Corrective work was completed: the pressure valve was inspected.",Thermal,High,the pressure valve was inspected
403,Electrical Cabinet EC-253,"Inspection found a short circuit on the electrical cabinet ec-253; intermittent power loss occurred during continuous operation, and the equipment remained unavailable. Corrective work was completed: the motor winding was inspected.",Electrical,Low,the motor winding was inspected
922,Cooling Unit CU-272,"A fault was detected on the cooling unit cu-272 because of insufficient heat dissipation. The chamber overheated while processing a high-temperature batch, resulting in the line operated at reduced capacity. Corrective work was completed: thermal insulation was repaired.",Thermal,High,thermal insulation was repaired
33,Gearbox GB-133,"Inspection found insufficient lubrication on the gearbox gb-133; unstable rotational speed during continuous operation, and operator intervention was required. Corrective work was completed: the shaft was realigned.",Mechanical,High,the shaft was realigned
453,Control Panel CP-303,"Maintenance personnel reported the drive reported an overload on the control panel cp-303 during continuous operation. Investigation identified a failed contactor, and the operator isolated the equipment. Corrective work was completed: the relay was replaced.",Electrical,Low,the relay was replaced
504,Air Receiver AR-104,"A fault was detected on the air receiver ar-104 because of a leaking hose. Airflow became restricted under continuous demand, resulting in the production line paused. Corrective work was completed: the pipe fitting was tightened.",Pneumatic,Critical,the pipe fitting was tightened
956,Oil Cooler OC-306,"The oil cooler oc-306 developed a fault linked to low coolant level. Thermal reading fluctuated while operating at high pressure, so the unit was isolated for inspection. Corrective work was completed: the pressure valve was inspected.",Thermal,Low,the pressure valve was inspected
36,Fan F-136,"A fault was detected on the fan f-136 because of a worn bearing. Abnormal friction during startup, resulting in the unit was taken offline. Corrective work was completed: lubrication was restored.",Mechanical,High,lubrication was restored
432,Electrical Cabinet EC-282,"The electrical cabinet ec-282 developed a fault linked to a loose terminal. The unit failed to start while accelerating, so the motor tripped. Corrective work was completed: the motor winding was inspected.",Electrical,Medium,the motor winding was inspected
521,Compressed-Air Line AL-121,"Inspection found a blocked air passage on the compressed-air line al-121; airflow became restricted during repeated actuator cycles, and production efficiency decreased. Corrective work was completed: the control valve was replaced.",Pneumatic,High,the control valve was replaced
904,Cooling Unit CU-254,"The cooling unit cu-254 developed a fault linked to excessive fuel input. Steam temperature exceeded the target after a cooling-system restart, so an emergency alarm was triggered. Corrective work was completed: the cooling circuit was cleaned.",Thermal,Low,the cooling circuit was cleaned
844,Industrial Furnace F-194,"The industrial furnace f-194 developed a fault linked to restricted coolant flow. Oil temperature increased rapidly during startup heating, so the equipment entered protection mode. Corrective work was completed: the temperature sensor was replaced.",Thermal,High,the temperature sensor was replaced
3,Rotary Feeder RF-103,"Maintenance personnel reported increased mechanical noise on the rotary feeder rf-103 under variable load. Investigation identified insufficient lubrication, and throughput dropped. Corrective work was completed: the rollers were replaced.",Mechanical,Medium,the rollers were replaced
462,Generator GEN-312,"A fault was detected on the generator gen-312 because of a failed contactor. Sparking was observed at peak operating speed, resulting in the operator isolated the equipment. Corrective work was completed: the cable termination was corrected.",Electrical,Low,the cable termination was corrected
614,Air Compressor AC-214,"The air compressor ac-214 developed a fault linked to excessive pressure loss. Pressure fluctuated during operation during repeated actuator cycles, so the unit entered a low-pressure condition. Corrective work was completed: the regulator was recalibrated.",Pneumatic,Medium,the regulator was recalibrated
82,Pump P-182,"The pump p-182 developed a fault linked to excessive belt tension. Unstable rotational speed during inspection, so operator intervention was required. Corrective work was completed: the coupling was changed.",Mechanical,Medium,the coupling was changed
795,Heat Exchanger HX-145,"Inspection found excessive fuel input on the heat exchanger hx-145; steam temperature exceeded the target during peak production, and the line operated at reduced capacity. Corrective work was completed: the cooling passage was cleared.",Thermal,High,the cooling passage was cleared
874,Boiler B-224,"A fault was detected on the boiler b-224 because of poor thermal insulation. Surface temperature became excessive after a long operating cycle, resulting in production was interrupted. Corrective work was completed: the cooling circuit was cleaned.",Thermal,Critical,the cooling circuit was cleaned
939,Hot-Air Oven O-289,"Inspection found a faulty temperature sensor on the hot-air oven o-289; heat transfer efficiency dropped during peak production, and the process was paused. Corrective work was completed: the cooling passage was cleared.",Thermal,Low,the cooling passage was cleared
642,Air Compressor AC-242,"The air compressor ac-242 developed a fault linked to a clogged air filter. The valve responded slowly when multiple actuators operated together, so production efficiency decreased. Corrective work was completed: the regulator was recalibrated.",Pneumatic,Medium,the regulator was recalibrated
53,Pump P-153,"Inspection found a worn bearing on the pump p-153; unstable rotational speed under variable load, and the machine tripped. Corrective work was completed: the rotating assembly was balanced.",Mechanical,Low,the rotating assembly was balanced
313,Servo Motor SM-163,"Maintenance personnel reported voltage became unstable on the servo motor sm-163 under maximum load. Investigation identified a loose terminal, and the line lost power. Corrective work was completed: the cable termination was corrected.",Electrical,Low,the cable termination was corrected
492,Distribution Board DB-342,"The distribution board db-342 developed a fault linked to an overheated electrical connection. Current exceeded its normal range during continuous operation, so the line lost power. Corrective work was completed: the electrical connection was replaced.",Electrical,High,the electrical connection was replaced
995,Thermal Reactor TR-345,"Inspection found a defective pressure valve on the thermal reactor tr-345; oil temperature increased rapidly during a routine temperature check, and the unit was isolated for inspection. Corrective work was completed: fuel input was adjusted.",Thermal,Medium,fuel input was adjusted
321,Starter ST-171,"Maintenance personnel reported the drive reported an overload on the starter st-171 during continuous operation. Investigation identified damaged motor winding, and the equipment remained unavailable. Corrective work was completed: insulation was repaired.",Electrical,High,insulation was repaired
141,Roller Assembly RA-241,"Inspection found insufficient lubrication on the roller assembly ra-241; abnormal friction during continuous operation, and the machine tripped. Corrective work was completed: the bearing was replaced.",Mechanical,High,the bearing was replaced
329,Power Supply PS-179,"Maintenance personnel reported voltage became unstable on the power supply ps-179 after a power fluctuation. Investigation identified a defective relay, and the drive entered fault mode. Corrective work was completed: the relay was replaced.",Electrical,Medium,the relay was replaced
905,Industrial Furnace F-255,"Maintenance personnel reported thermal reading fluctuated on the industrial furnace f-255 while processing a high-temperature batch. Investigation identified insufficient heat dissipation, and the process was paused. Corrective work was completed: the pressure valve was inspected.",Thermal,Critical,the pressure valve was inspected
989,Boiler B-339,"Maintenance personnel reported the chamber overheated on the boiler b-339 while operating at high pressure. Investigation identified excessive fuel input, and the process was paused. Corrective work was completed: the thermostat was replaced.",Thermal,High,the thermostat was replaced
428,Servo Motor SM-278,"The servo motor sm-278 developed a fault linked to insulation breakdown. The equipment shut down unexpectedly during production changeover, so production stopped. Corrective work was completed: the voltage supply was stabilized.",Electrical,Critical,the voltage supply was stabilized
856,Steam Generator SG-206,"The steam generator sg-206 developed a fault linked to a faulty temperature sensor. The unit could not maintain the set temperature during continuous heating, so the process temperature became unstable. Corrective work was completed: the pressure valve was inspected.",Thermal,High,the pressure valve was inspected
163,Agitator AG-263,"Maintenance personnel reported strong vibration on the agitator ag-263 under full load. Investigation identified a loose mounting bolt, and the machine tripped. Corrective work was completed: the rotating assembly was balanced.",Mechanical,Critical,the rotating assembly was balanced
875,Thermal Reactor TR-225,"Inspection found uneven heat distribution on the thermal reactor tr-225; surface temperature became excessive under maximum thermal load, and an automatic shutdown occurred. Corrective work was completed: the cooling circuit was cleaned.",Thermal,Medium,the cooling circuit was cleaned
943,Cooling Unit CU-293,"Inspection found a blocked cooling passage on the cooling unit cu-293; pressure increased unexpectedly under maximum thermal load, and operator intervention was required. Corrective work was completed: thermal insulation was repaired.",Thermal,Critical,thermal insulation was repaired
771,Steam Generator SG-121,"Inspection found low coolant level on the steam generator sg-121; thermal reading fluctuated after a cooling-system restart, and the line operated at reduced capacity. Corrective work was completed: the pressure valve was inspected.",Thermal,Medium,the pressure valve was inspected
881,Industrial Furnace F-231,"Maintenance personnel reported pressure increased unexpectedly on the industrial furnace f-231 during startup heating. Investigation identified a defective pressure valve, and the unit was isolated for inspection. Corrective work was completed: the pressure valve was inspected.",Thermal,Critical,the pressure valve was inspected
135,Agitator AG-235,"Maintenance personnel reported intermittent knocking on the agitator ag-235 after a long production cycle. Investigation identified shaft misalignment, and operator intervention was required. Corrective work was completed: the shaft was realigned.",Mechanical,Critical,the shaft was realigned
61,Mixer MX-161,"Inspection found excessive belt tension on the mixer mx-161; increased mechanical noise after recent maintenance, and the component required immediate attention. Corrective work was completed: the shaft was realigned.",Mechanical,Low,the shaft was realigned
918,Industrial Furnace F-268,"A fault was detected on the industrial furnace f-268 because of poor thermal insulation. The chamber overheated while processing a high-temperature batch, resulting in the equipment entered protection mode. Corrective work was completed: coolant was replenished.",Thermal,Low,coolant was replenished
779,Thermal Reactor TR-129,"Inspection found poor thermal insulation on the thermal reactor tr-129; temperature rose above the permitted limit during continuous heating, and the line operated at reduced capacity. Corrective work was completed: the cooling passage was cleared.",Thermal,Medium,the cooling passage was cleared
101,Coupling CP-201,"Inspection found roller damage on the coupling cp-201; belt tracking deviation after a scheduled restart, and the equipment was isolated. Corrective work was completed: damaged gears were replaced.",Mechanical,Medium,damaged gears were replaced
503,Air Manifold AM-103,"Maintenance personnel reported the cylinder failed to complete its stroke on the air manifold am-103 when multiple actuators operated together. Investigation identified a cracked air line, and the production cycle was delayed. Corrective work was completed: the pneumatic seal was renewed.",Pneumatic,Critical,the pneumatic seal was renewed
999,Steam Generator SG-349,"Inspection found restricted coolant flow on the steam generator sg-349; thermal reading fluctuated during a routine temperature check, and the process temperature became unstable. Corrective work was completed: coolant was replenished.",Thermal,Medium,coolant was replenished
955,Heat Exchanger HX-305,"Inspection found a faulty temperature sensor on the heat exchanger hx-305; pressure increased unexpectedly during extended operation, and the process temperature became unstable. Corrective work was completed: the thermostat was replaced.",Thermal,High,the thermostat was replaced
871,Oil Cooler OC-221,"Inspection found excessive fuel input on the oil cooler oc-221; thermal reading fluctuated during startup heating, and the equipment entered protection mode. Corrective work was completed: heat distribution was recalibrated.",Thermal,Critical,heat distribution was recalibrated
803,Heat Exchanger HX-153,"Inspection found restricted coolant flow on the heat exchanger hx-153; oil temperature increased rapidly during a routine temperature check, and the line operated at reduced capacity. Corrective work was completed: coolant was replenished.",Thermal,High,coolant was replenished
942,Cooling Unit CU-292,"A fault was detected on the cooling unit cu-292 because of insufficient heat dissipation. Pressure increased unexpectedly after a long operating cycle, resulting in the process was paused. Corrective work was completed: the cooling passage was cleared.",Thermal,High,the cooling passage was cleared
691,Compressed-Air Line AL-291,"Maintenance personnel reported pressure could not be maintained on the compressed-air line al-291 during the morning shift. Investigation identified moisture accumulation, and the unit entered a low-pressure condition. Corrective work was completed: the leaking hose was replaced.",Pneumatic,Low,the leaking hose was replaced
931,Cooling Unit CU-281,"Inspection found a blocked cooling passage on the cooling unit cu-281; heat transfer efficiency dropped during startup heating, and an automatic shutdown occurred. Corrective work was completed: coolant was replenished.",Thermal,Critical,coolant was replenished
932,Heat Exchanger HX-282,"The heat exchanger hx-282 developed a fault linked to uneven heat distribution. The unit could not maintain the set temperature after a cooling-system restart, so the process was paused. Corrective work was completed: coolant was replenished.",Thermal,Critical,coolant was replenished
51,Pump P-151,"Maintenance personnel reported strong vibration on the pump p-151 during inspection. Investigation identified shaft misalignment, and throughput dropped. Corrective work was completed: mounting hardware was tightened.",Mechanical,High,mounting hardware was tightened
138,Roller Assembly RA-238,"The roller assembly ra-238 developed a fault linked to seal deterioration. Increased mechanical noise while running at high speed, so the component required immediate attention. Corrective work was completed: damaged gears were replaced.",Mechanical,Critical,damaged gears were replaced
41,Coupling CP-141,"Inspection found a loose mounting bolt on the coupling cp-141; strong vibration after recent maintenance, and the equipment was isolated. Corrective work was completed: the shaft was realigned.",Mechanical,Medium,the shaft was realigned
890,Oil Cooler OC-240,"A fault was detected on the oil cooler oc-240 because of poor thermal insulation. Cooling performance deteriorated during peak production, resulting in the process was paused. Corrective work was completed: thermal insulation was repaired.",Thermal,High,thermal insulation was repaired
741,Pneumatic Cylinder PC-341,"Inspection found moisture accumulation on the pneumatic cylinder pc-341; the actuator moved slowly at maximum air consumption, and the production line paused. Corrective work was completed: the cracked air line was repaired.",Pneumatic,Low,the cracked air line was repaired
441,Generator GEN-291,"Maintenance personnel reported sparking was observed on the generator gen-291 during continuous operation. Investigation identified an overheated electrical connection, and production stopped. Corrective work was completed: the overload was corrected.",Electrical,Critical,the overload was corrected
980,Hot-Air Oven O-330,"The hot-air oven o-330 developed a fault linked to excessive fuel input. Thermal reading fluctuated after a cooling-system restart, so the process temperature became unstable. Corrective work was completed: thermal insulation was repaired.",Thermal,Medium,thermal insulation was repaired
328,Power Supply PS-178,"The power supply ps-178 developed a fault linked to poor cable termination. Sparking was observed during continuous operation, so the machine could not continue operation. Corrective work was completed: the cable termination was corrected.",Electrical,Low,the cable termination was corrected
278,Motor M-128,"A fault was detected on the motor m-128 because of poor cable termination. The drive reported an overload after a power fluctuation, resulting in the line lost power. Corrective work was completed: the cable termination was corrected.",Electrical,Critical,the cable termination was corrected
686,Pneumatic Valve PV-286,"The pneumatic valve pv-286 developed a fault linked to a cracked air line. The compressor cycled frequently when multiple actuators operated together, so the production cycle was delayed. Corrective work was completed: the blocked passage was cleaned.",Pneumatic,High,the blocked passage was cleaned
414,Power Supply PS-264,"A fault was detected on the power supply ps-264 because of a failed contactor. Sparking was observed under maximum load, resulting in the line lost power. Corrective work was completed: the relay was replaced.",Electrical,High,the relay was replaced
111,Pump P-211,"Maintenance personnel reported belt tracking deviation on the pump p-211 under variable load. Investigation identified insufficient lubrication, and maintenance was requested. Corrective work was completed: lubrication was restored.",Mechanical,High,lubrication was restored
698,Pneumatic Valve PV-298,"The pneumatic valve pv-298 developed a fault linked to moisture accumulation. The actuator moved slowly after filter replacement, so machine speed was reduced. Corrective work was completed: the blocked passage was cleaned.",Pneumatic,High,the blocked passage was cleaned
256,Power Supply PS-106,"The power supply ps-106 developed a fault linked to an overloaded circuit. Supply voltage dropped after the equipment was restarted, so production stopped. Corrective work was completed: the motor winding was inspected.",Electrical,Low,the motor winding was inspected
783,Process Heater PH-133,"Inspection found excessive fuel input on the process heater ph-133; steam temperature exceeded the target after a long operating cycle, and an automatic shutdown occurred. Corrective work was completed: the temperature sensor was replaced.",Thermal,High,the temperature sensor was replaced
866,Hot-Air Oven O-216,"A fault was detected on the hot-air oven o-216 because of insufficient heat dissipation. The unit could not maintain the set temperature under maximum thermal load, resulting in an emergency alarm was triggered. Corrective work was completed: the cooling circuit was cleaned.",Thermal,Critical,the cooling circuit was cleaned
29,Shaft Assembly SA-129,"Inspection found an unbalanced rotating assembly on the shaft assembly sa-129; increased mechanical noise under variable load, and the equipment was isolated. Corrective work was completed: the rotating assembly was balanced.",Mechanical,Low,the rotating assembly was balanced
640,Pneumatic Cylinder PC-240,"A fault was detected on the pneumatic cylinder pc-240 because of excessive pressure loss. The actuator moved slowly during automatic operation, resulting in cycle time increased. Corrective work was completed: the pressure circuit was inspected.",Pneumatic,Critical,the pressure circuit was inspected
759,Thermal Chamber TC-109,"Inspection found a faulty temperature sensor on the thermal chamber tc-109; the unit could not maintain the set temperature during continuous heating, and an automatic shutdown occurred. Corrective work was completed: heat dissipation was restored.",Thermal,Low,heat dissipation was restored
201,Mixer MX-301,"Inspection found gear tooth wear on the mixer mx-301; uneven rotation after a long production cycle, and the component required immediate attention. Corrective work was completed: the shaft was realigned.",Mechanical,Low,the shaft was realigned
953,Heat Exchanger HX-303,"Maintenance personnel reported pressure increased unexpectedly on the heat exchanger hx-303 while processing a high-temperature batch. Investigation identified poor thermal insulation, and the process was paused. Corrective work was completed: the pressure valve was inspected.",Thermal,Low,the pressure valve was inspected
140,Agitator AG-240,"A fault was detected on the agitator ag-240 because of a worn bearing. Uneven rotation while running at high speed, resulting in the machine tripped. Corrective work was completed: the rotating assembly was balanced.",Mechanical,Low,the rotating assembly was balanced
882,Thermal Chamber TC-232,"A fault was detected on the thermal chamber tc-232 because of excessive fuel input. Cooling performance deteriorated during peak production, resulting in the equipment was taken offline. Corrective work was completed: the cooling passage was cleared.",Thermal,Critical,the cooling passage was cleared
878,Process Heater PH-228,"A fault was detected on the process heater ph-228 because of a defective pressure valve. The unit could not maintain the set temperature while operating at high pressure, resulting in production was interrupted. Corrective work was completed: heat dissipation was restored.",Thermal,Medium,heat dissipation was restored
651,Air Dryer AD-251,"Maintenance personnel reported the valve responded slowly on the air dryer ad-251 after filter replacement. Investigation identified a faulty pressure regulator, and production efficiency decreased. Corrective work was completed: the moisture separator was serviced.",Pneumatic,Low,the moisture separator was serviced
626,Pressure Regulator PR-226,"The pressure regulator pr-226 developed a fault linked to a clogged air filter. The compressor cycled frequently during a pressure test, so production efficiency decreased. Corrective work was completed: the leaking hose was replaced.",Pneumatic,Low,the leaking hose was replaced
806,Steam Generator SG-156,"A fault was detected on the steam generator sg-156 because of a faulty temperature sensor. Heat transfer efficiency dropped while processing a high-temperature batch, resulting in the process temperature became unstable. Corrective work was completed: coolant was replenished.",Thermal,Low,coolant was replenished
429,Variable Frequency Drive VFD-279,"Maintenance personnel reported voltage became unstable on the variable frequency drive vfd-279 after a power fluctuation. Investigation identified damaged motor winding, and production capacity was reduced. Corrective work was completed: the overload was corrected.",Electrical,Medium,the overload was corrected
959,Steam Generator SG-309,"Inspection found uneven heat distribution on the steam generator sg-309; heat transfer efficiency dropped after a cooling-system restart, and the equipment entered protection mode. Corrective work was completed: fuel input was adjusted.",Thermal,Medium,fuel input was adjusted
287,Generator GEN-137,"Inspection found insulation breakdown on the generator gen-137; intermittent power loss occurred during continuous operation, and the line lost power. Corrective work was completed: the motor winding was inspected.",Electrical,Medium,the motor winding was inspected
657,Air Compressor AC-257,"Inspection found a cracked air line on the air compressor ac-257; air leakage was audible after filter replacement, and production efficiency decreased. Corrective work was completed: the regulator was recalibrated.",Pneumatic,Low,the regulator was recalibrated
756,Thermal Chamber TC-106,"The thermal chamber tc-106 developed a fault linked to a defective pressure valve. Surface temperature became excessive during continuous heating, so an emergency alarm was triggered. Corrective work was completed: heat distribution was recalibrated.",Thermal,Medium,heat distribution was recalibrated
693,Pneumatic Cylinder PC-293,"Inspection found moisture accumulation on the pneumatic cylinder pc-293; the pneumatic circuit became unstable during a pressure test, and operator intervention was required. Corrective work was completed: the pipe fitting was tightened.",Pneumatic,Low,the pipe fitting was tightened
192,Agitator AG-292,"A fault was detected on the agitator ag-292 because of a worn bearing. Abnormal friction during peak production, resulting in the line operated at reduced speed. Corrective work was completed: the coupling was changed.",Mechanical,Low,the coupling was changed
976,Steam Generator SG-326,"The steam generator sg-326 developed a fault linked to poor thermal insulation. Steam temperature exceeded the target during extended operation, so the process temperature became unstable. Corrective work was completed: coolant was replenished.",Thermal,High,coolant was replenished
157,Roller Assembly RA-257,"Inspection found seal deterioration on the roller assembly ra-257; unstable rotational speed after a long production cycle, and production was stopped. Corrective work was completed: the coupling was changed.",Mechanical,High,the coupling was changed
493,Electrical Cabinet EC-343,"Maintenance personnel reported repeated electrical trips occurred on the electrical cabinet ec-343 during production changeover. Investigation identified a failed contactor, and the unit required electrical inspection. Corrective work was completed: the damaged cable was repaired.",Electrical,High,the damaged cable was repaired
497,Generator GEN-347,"Maintenance personnel reported current exceeded its normal range on the generator gen-347 during routine testing. Investigation identified insulation breakdown, and the operator isolated the equipment. Corrective work was completed: insulation was repaired.",Electrical,Critical,insulation was repaired
487,Starter ST-337,"Inspection found insulation breakdown on the starter st-337; current exceeded its normal range while accelerating, and the operator isolated the equipment. Corrective work was completed: the cable termination was corrected.",Electrical,Low,the cable termination was corrected
394,Control Panel CP-244,"A fault was detected on the control panel cp-244 because of voltage fluctuation. Motor temperature rose sharply while accelerating, resulting in the operator isolated the equipment. Corrective work was completed: the voltage supply was stabilized.",Electrical,Medium,the voltage supply was stabilized
168,Pump P-268,"A fault was detected on the pump p-268 because of insufficient lubrication. Increased bearing temperature during startup, resulting in throughput dropped. Corrective work was completed: belt tension was corrected.",Mechanical,Critical,belt tension was corrected
719,Air Manifold AM-319,"Maintenance personnel reported the compressor cycled frequently on the air manifold am-319 at maximum air consumption. Investigation identified a blocked air passage, and the pneumatic system was isolated. Corrective work was completed: the blocked passage was cleaned.",Pneumatic,Critical,the blocked passage was cleaned
869,Boiler B-219,"Maintenance personnel reported the unit could not maintain the set temperature on the boiler b-219 after a long operating cycle. Investigation identified a malfunctioning thermostat, and an emergency alarm was triggered. Corrective work was completed: coolant was replenished.",Thermal,High,coolant was replenished
673,Air Dryer AD-273,"Inspection found a clogged air filter on the air dryer ad-273; system pressure fell below the target during automatic operation, and production efficiency decreased. Corrective work was completed: the control valve was replaced.",Pneumatic,High,the control valve was replaced
161,Gearbox GB-261,"Inspection found a loose mounting bolt on the gearbox gb-261; repeated mechanical impact while running at high speed, and the line operated at reduced speed. Corrective work was completed: the rotating assembly was balanced.",Mechanical,High,the rotating assembly was balanced
385,Power Supply PS-235,"Maintenance personnel reported intermittent power loss occurred on the power supply ps-235 during routine testing. Investigation identified a loose terminal, and an emergency stop was initiated. Corrective work was completed: insulation was repaired.",Electrical,Medium,insulation was repaired
404,Electrical Cabinet EC-254,"The electrical cabinet ec-254 developed a fault linked to a failed contactor. Supply voltage dropped during continuous operation, so production capacity was reduced. Corrective work was completed: the contactor was replaced.",Electrical,Medium,the contactor was replaced
449,Servo Motor SM-299,"Maintenance personnel reported motor temperature rose sharply on the servo motor sm-299 under maximum load. Investigation identified damaged motor winding, and the line lost power. Corrective work was completed: the contactor was replaced.",Electrical,Low,the contactor was replaced
458,Generator GEN-308,"A fault was detected on the generator gen-308 because of a short circuit. Voltage became unstable during startup, resulting in the machine could not continue operation. Corrective work was completed: the damaged cable was repaired.",Electrical,Low,the damaged cable was repaired
566,Air Receiver AR-166,"The air receiver ar-166 developed a fault linked to a clogged air filter. Airflow became restricted during a pressure test, so machine speed was reduced. Corrective work was completed: the leaking hose was replaced.",Pneumatic,Medium,the leaking hose was replaced
396,Starter ST-246,"The starter st-246 developed a fault linked to an overloaded circuit. The unit failed to start during production changeover, so the drive entered fault mode. Corrective work was completed: the terminal was tightened.",Electrical,Medium,the terminal was tightened
703,Air Receiver AR-303,"Maintenance personnel reported the compressor cycled frequently on the air receiver ar-303 after filter replacement. Investigation identified moisture accumulation, and production efficiency decreased. Corrective work was completed: the pressure circuit was inspected.",Pneumatic,High,the pressure circuit was inspected
116,Fan F-216,"A fault was detected on the fan f-216 because of a loose mounting bolt. Belt tracking deviation during continuous operation, resulting in operator intervention was required. Corrective work was completed: the coupling was changed.",Mechanical,High,the coupling was changed
533,Pressure Regulator PR-133,"Inspection found a loose pipe fitting on the pressure regulator pr-133; air leakage was audible under continuous demand, and production efficiency decreased. Corrective work was completed: the blocked passage was cleaned.",Pneumatic,Critical,the blocked passage was cleaned
892,Steam Generator SG-242,"The steam generator sg-242 developed a fault linked to a blocked cooling passage. Cooling performance deteriorated after a long operating cycle, so the process temperature became unstable. Corrective work was completed: the cooling passage was cleared.",Thermal,High,the cooling passage was cleared
749,Pneumatic Cylinder PC-349,"Inspection found a leaking hose on the pneumatic cylinder pc-349; airflow became restricted after filter replacement, and the production cycle was delayed. Corrective work was completed: the pressure circuit was inspected.",Pneumatic,Low,the pressure circuit was inspected
721,Pneumatic Actuator PA-321,"Inspection found a loose pipe fitting on the pneumatic actuator pa-321; the valve responded slowly after filter replacement, and machine speed was reduced. Corrective work was completed: the pipe fitting was tightened.",Pneumatic,Medium,the pipe fitting was tightened
154,Rotary Feeder RF-254,"The rotary feeder rf-254 developed a fault linked to excessive belt tension. Increased mechanical noise under variable load, so the line operated at reduced speed. Corrective work was completed: the seal was renewed.",Mechanical,Low,the seal was renewed
67,Rotary Feeder RF-167,"Maintenance personnel reported strong vibration on the rotary feeder rf-167 during peak production. Investigation identified shaft misalignment, and production was stopped. Corrective work was completed: the rollers were replaced.",Mechanical,Medium,the rollers were replaced
822,Thermal Reactor TR-172,"A fault was detected on the thermal reactor tr-172 because of a defective pressure valve. Pressure increased unexpectedly during startup heating, resulting in an emergency alarm was triggered. Corrective work was completed: heat dissipation was restored.",Thermal,Low,heat dissipation was restored
712,Pneumatic Cylinder PC-312,"A fault was detected on the pneumatic cylinder pc-312 because of a defective control valve. The compressor cycled frequently when multiple actuators operated together, resulting in the production cycle was delayed. Corrective work was completed: the control valve was replaced.",Pneumatic,Critical,the control valve was replaced
748,Pneumatic Cylinder PC-348,"A fault was detected on the pneumatic cylinder pc-348 because of a faulty pressure regulator. Air leakage was audible during automatic operation, resulting in the actuator stopped. Corrective work was completed: the moisture separator was serviced.",Pneumatic,Critical,the moisture separator was serviced
124,Shaft Assembly SA-224,"A fault was detected on the shaft assembly sa-224 because of a loose mounting bolt. Unstable rotational speed after a scheduled restart, resulting in throughput dropped. Corrective work was completed: the rollers were replaced.",Mechanical,Critical,the rollers were replaced
834,Thermal Reactor TR-184,"A fault was detected on the thermal reactor tr-184 because of low coolant level. The unit could not maintain the set temperature during continuous heating, resulting in operator intervention was required. Corrective work was completed: thermal insulation was repaired.",Thermal,Low,thermal insulation was repaired
734,Pneumatic Valve PV-334,"The pneumatic valve pv-334 developed a fault linked to excessive pressure loss. Air leakage was audible during repeated actuator cycles, so the production line paused. Corrective work was completed: the moisture separator was serviced.",Pneumatic,High,the moisture separator was serviced
361,Variable Frequency Drive VFD-211,"Maintenance personnel reported current exceeded its normal range on the variable frequency drive vfd-211 after a power fluctuation. Investigation identified a defective relay, and production capacity was reduced. Corrective work was completed: the motor winding was inspected.",Electrical,Medium,the motor winding was inspected
314,Motor M-164,"A fault was detected on the motor m-164 because of a loose terminal. Supply voltage dropped at peak operating speed, resulting in production capacity was reduced. Corrective work was completed: the motor winding was inspected.",Electrical,Critical,the motor winding was inspected
216,Fan F-316,"A fault was detected on the fan f-316 because of roller damage. Intermittent knocking during startup, resulting in maintenance was requested. Corrective work was completed: the rotating assembly was balanced.",Mechanical,High,the rotating assembly was balanced
590,Pneumatic Cylinder PC-190,"The pneumatic cylinder pc-190 developed a fault linked to a faulty pressure regulator. The actuator moved slowly during repeated actuator cycles, so the unit entered a low-pressure condition. Corrective work was completed: the leaking hose was replaced.",Pneumatic,Medium,the leaking hose was replaced
620,Pneumatic Valve PV-220,"A fault was detected on the pneumatic valve pv-220 because of a cracked air line. The compressor cycled frequently when multiple actuators operated together, resulting in the pneumatic system was isolated. Corrective work was completed: the regulator was recalibrated.",Pneumatic,Low,the regulator was recalibrated
913,Heat Exchanger HX-263,"Maintenance personnel reported temperature rose above the permitted limit on the heat exchanger hx-263 while processing a high-temperature batch. Investigation identified poor thermal insulation, and an emergency alarm was triggered. Corrective work was completed: the cooling circuit was cleaned.",Thermal,Low,the cooling circuit was cleaned
364,Variable Frequency Drive VFD-214,"The variable frequency drive vfd-214 developed a fault linked to poor cable termination. Motor temperature rose sharply after a power fluctuation, so the machine could not continue operation. Corrective work was completed: the terminal was tightened.",Electrical,Low,the terminal was tightened
807,Boiler B-157,"Inspection found a malfunctioning thermostat on the boiler b-157; the chamber overheated after a long operating cycle, and the process was paused. Corrective work was completed: heat distribution was recalibrated.",Thermal,Low,heat distribution was recalibrated
86,Rotary Feeder RF-186,"The rotary feeder rf-186 developed a fault linked to excessive belt tension. Shaft oscillation under full load, so maintenance was requested. Corrective work was completed: belt tension was corrected.",Mechanical,Low,belt tension was corrected
514,Air Filter Unit AF-114,"The air filter unit af-114 developed a fault linked to a cracked air line. The cylinder failed to complete its stroke at maximum air consumption, so production efficiency decreased. Corrective work was completed: the cracked air line was repaired.",Pneumatic,Low,the cracked air line was repaired
829,Cooling Unit CU-179,"Maintenance personnel reported heat transfer efficiency dropped on the cooling unit cu-179 during peak production. Investigation identified a faulty temperature sensor, and the unit was isolated for inspection. Corrective work was completed: coolant was replenished.",Thermal,Medium,coolant was replenished
246,Rotary Feeder RF-346,"The rotary feeder rf-346 developed a fault linked to a loose mounting bolt. Repeated mechanical impact during startup, so the component required immediate attention. Corrective work was completed: the shaft was realigned.",Mechanical,Low,the shaft was realigned
945,Oil Cooler OC-295,"Maintenance personnel reported pressure increased unexpectedly on the oil cooler oc-295 during continuous heating. Investigation identified insufficient heat dissipation, and the equipment entered protection mode. Corrective work was completed: the thermostat was replaced.",Thermal,Medium,the thermostat was replaced
847,Oil Cooler OC-197,"Inspection found a defective pressure valve on the oil cooler oc-197; the chamber overheated during extended operation, and the unit was isolated for inspection. Corrective work was completed: the cooling circuit was cleaned.",Thermal,Critical,the cooling circuit was cleaned
786,Thermal Chamber TC-136,"A fault was detected on the thermal chamber tc-136 because of poor thermal insulation. The unit could not maintain the set temperature during a routine temperature check, resulting in the unit was isolated for inspection. Corrective work was completed: the thermostat was replaced.",Thermal,Critical,the thermostat was replaced
296,Variable Frequency Drive VFD-146,"The variable frequency drive vfd-146 developed a fault linked to insulation breakdown. The equipment shut down unexpectedly after an overnight shutdown, so the equipment remained unavailable. Corrective work was completed: the contactor was replaced.",Electrical,Low,the contactor was replaced
587,Air Receiver AR-187,"Maintenance personnel reported the valve responded slowly on the air receiver ar-187 while the compressor was loaded. Investigation identified a faulty pressure regulator, and the unit entered a low-pressure condition. Corrective work was completed: the moisture separator was serviced.",Pneumatic,High,the moisture separator was serviced
65,Pump P-165,"Inspection found seal deterioration on the pump p-165; uneven rotation after a scheduled restart, and output quality decreased. Corrective work was completed: the rollers were replaced.",Mechanical,Low,the rollers were replaced
799,Thermal Chamber TC-149,"Inspection found a faulty temperature sensor on the thermal chamber tc-149; thermal reading fluctuated during continuous heating, and operator intervention was required. Corrective work was completed: the temperature sensor was replaced.",Thermal,Low,the temperature sensor was replaced
515,Compressed-Air Line AL-115,"Maintenance personnel reported airflow became restricted on the compressed-air line al-115 during a pressure test. Investigation identified a loose pipe fitting, and cycle time increased. Corrective work was completed: the leaking hose was replaced.",Pneumatic,Low,the leaking hose was replaced
319,Distribution Board DB-169,"Inspection found poor cable termination on the distribution board db-169; intermittent power loss occurred under maximum load, and the motor tripped. Corrective work was completed: the damaged cable was repaired.",Electrical,Medium,the damaged cable was repaired
928,Cooling Unit CU-278,"The cooling unit cu-278 developed a fault linked to a blocked cooling passage. Pressure increased unexpectedly under maximum thermal load, so production was interrupted. Corrective work was completed: the temperature sensor was replaced.",Thermal,Low,the temperature sensor was replaced
791,Industrial Furnace F-141,"Inspection found restricted coolant flow on the industrial furnace f-141; pressure increased unexpectedly after a long operating cycle, and operator intervention was required. Corrective work was completed: thermal insulation was repaired.",Thermal,Medium,thermal insulation was repaired
808,Hot-Air Oven O-158,"The hot-air oven o-158 developed a fault linked to insufficient heat dissipation. Thermal reading fluctuated after a cooling-system restart, so the process was paused. Corrective work was completed: the temperature sensor was replaced.",Thermal,Medium,the temperature sensor was replaced
340,Variable Frequency Drive VFD-190,"The variable frequency drive vfd-190 developed a fault linked to insulation breakdown. The drive reported an overload after an overnight shutdown, so the line lost power. Corrective work was completed: the electrical connection was replaced.",Electrical,Low,the electrical connection was replaced
983,Thermal Reactor TR-333,"Inspection found uneven heat distribution on the thermal reactor tr-333; the unit could not maintain the set temperature while processing a high-temperature batch, and the line operated at reduced capacity. Corrective work was completed: fuel input was adjusted.",Thermal,Medium,fuel input was adjusted
424,Distribution Board DB-274,"The distribution board db-274 developed a fault linked to poor cable termination. Supply voltage dropped at peak operating speed, so the motor tripped. Corrective work was completed: the voltage supply was stabilized.",Electrical,High,the voltage supply was stabilized
317,Motor M-167,"Maintenance personnel reported motor temperature rose sharply on the motor m-167 during continuous operation. Investigation identified a defective relay, and production capacity was reduced. Corrective work was completed: the overload was corrected.",Electrical,High,the overload was corrected
985,Cooling Unit CU-335,"Maintenance personnel reported oil temperature increased rapidly on the cooling unit cu-335 while processing a high-temperature batch. Investigation identified poor thermal insulation, and the process temperature became unstable. Corrective work was completed: fuel input was adjusted.",Thermal,Medium,fuel input was adjusted
74,Fan F-174,"The fan f-174 developed a fault linked to a cracked coupling. Abnormal friction under full load, so output quality decreased. Corrective work was completed: lubrication was restored.",Mechanical,Low,lubrication was restored
346,Electrical Cabinet EC-196,"A fault was detected on the electrical cabinet ec-196 because of an overloaded circuit. Repeated electrical trips occurred at peak operating speed, resulting in an emergency stop was initiated. Corrective work was completed: insulation was repaired.",Electrical,Critical,insulation was repaired
690,Compressed-Air Line AL-290,"The compressed-air line al-290 developed a fault linked to excessive pressure loss. System pressure fell below the target while the compressor was loaded, so the pneumatic system was isolated. Corrective work was completed: the control valve was replaced.",Pneumatic,Critical,the control valve was replaced
83,Roller Assembly RA-183,"Maintenance personnel reported strong vibration on the roller assembly ra-183 after a long production cycle. Investigation identified seal deterioration, and maintenance was requested. Corrective work was completed: the rotating assembly was balanced.",Mechanical,Low,the rotating assembly was balanced
156,Fan F-256,"A fault was detected on the fan f-256 because of a loose mounting bolt. Intermittent knocking after a scheduled restart, resulting in output quality decreased. Corrective work was completed: the shaft was realigned.",Mechanical,High,the shaft was realigned
972,Thermal Reactor TR-322,"The thermal reactor tr-322 developed a fault linked to a malfunctioning thermostat. Surface temperature became excessive during startup heating, so the equipment entered protection mode. Corrective work was completed: the thermostat was replaced.",Thermal,High,the thermostat was replaced
120,Fan F-220,"A fault was detected on the fan f-220 because of a cracked coupling. Unstable rotational speed while running at high speed, resulting in production was stopped. Corrective work was completed: damaged gears were replaced.",Mechanical,High,damaged gears were replaced
583,Air Filter Unit AF-183,"Maintenance personnel reported the compressor cycled frequently on the air filter unit af-183 during the morning shift. Investigation identified moisture accumulation, and machine speed was reduced. Corrective work was completed: the regulator was recalibrated.",Pneumatic,Medium,the regulator was recalibrated
852,Process Heater PH-202,"The process heater ph-202 developed a fault linked to insufficient heat dissipation. Pressure increased unexpectedly under maximum thermal load, so the process was paused. Corrective work was completed: the thermostat was replaced.",Thermal,Critical,the thermostat was replaced
204,Shaft Assembly SA-304,"A fault was detected on the shaft assembly sa-304 because of a cracked coupling. Abnormal friction under full load, resulting in throughput dropped. Corrective work was completed: mounting hardware was tightened.",Mechanical,Critical,mounting hardware was tightened
336,Power Supply PS-186,"The power supply ps-186 developed a fault linked to an overloaded circuit. Motor temperature rose sharply under maximum load, so the motor tripped. Corrective work was completed: the contactor was replaced.",Electrical,Low,the contactor was replaced
295,Variable Frequency Drive VFD-145,"Inspection found an overheated electrical connection on the variable frequency drive vfd-145; current exceeded its normal range after a power fluctuation, and the machine could not continue operation. Corrective work was completed: the damaged cable was repaired.",Electrical,Critical,the damaged cable was repaired
379,Starter ST-229,"Inspection found a loose terminal on the starter st-229; the drive reported an overload after an overnight shutdown, and the operator isolated the equipment. Corrective work was completed: the relay was replaced.",Electrical,Low,the relay was replaced
858,Heat Exchanger HX-208,"A fault was detected on the heat exchanger hx-208 because of restricted coolant flow. Steam temperature exceeded the target during extended operation, resulting in an emergency alarm was triggered. Corrective work was completed: heat dissipation was restored.",Thermal,Medium,heat dissipation was restored
62,Shaft Assembly SA-162,"The shaft assembly sa-162 developed a fault linked to gear tooth wear. Shaft oscillation under variable load, so output quality decreased. Corrective work was completed: belt tension was corrected.",Mechanical,Medium,belt tension was corrected
788,Hot-Air Oven O-138,"The hot-air oven o-138 developed a fault linked to a blocked cooling passage. The unit could not maintain the set temperature during startup heating, so an emergency alarm was triggered. Corrective work was completed: the temperature sensor was replaced.",Thermal,Medium,the temperature sensor was replaced
644,Air Receiver AR-244,"A fault was detected on the air receiver ar-244 because of a loose pipe fitting. Pressure fluctuated during operation at maximum air consumption, resulting in production efficiency decreased. Corrective work was completed: the regulator was recalibrated.",Pneumatic,Critical,the regulator was recalibrated
490,Generator GEN-340,"A fault was detected on the generator gen-340 because of insulation breakdown. The drive reported an overload at peak operating speed, resulting in the motor tripped. Corrective work was completed: the terminal was tightened.",Electrical,Low,the terminal was tightened
369,Control Panel CP-219,"Maintenance personnel reported intermittent power loss occurred on the control panel cp-219 under maximum load. Investigation identified insulation breakdown, and the motor tripped. Corrective work was completed: the motor winding was inspected.",Electrical,Low,the motor winding was inspected
893,Cooling Unit CU-243,"Maintenance personnel reported the unit could not maintain the set temperature on the cooling unit cu-243 while operating at high pressure. Investigation identified a blocked cooling passage, and an automatic shutdown occurred. Corrective work was completed: the cooling passage was cleared.",Thermal,Medium,the cooling passage was cleared
465,Generator GEN-315,"Maintenance personnel reported the drive reported an overload on the generator gen-315 after a power fluctuation. Investigation identified an overloaded circuit, and the motor tripped. Corrective work was completed: the damaged cable was repaired.",Electrical,Critical,the damaged cable was repaired
347,Power Supply PS-197,"Inspection found a failed contactor on the power supply ps-197; intermittent power loss occurred after an overnight shutdown, and the drive entered fault mode. Corrective work was completed: the voltage supply was stabilized.",Electrical,Critical,the voltage supply was stabilized
964,Process Heater PH-314,"The process heater ph-314 developed a fault linked to a blocked cooling passage. Steam temperature exceeded the target during startup heating, so the unit was isolated for inspection. Corrective work was completed: heat distribution was recalibrated.",Thermal,Critical,heat distribution was recalibrated
884,Steam Generator SG-234,"The steam generator sg-234 developed a fault linked to restricted coolant flow. The chamber overheated during peak production, so production was interrupted. Corrective work was completed: the thermostat was replaced.",Thermal,High,the thermostat was replaced
446,Control Panel CP-296,"A fault was detected on the control panel cp-296 because of an overheated electrical connection. Voltage became unstable after an overnight shutdown, resulting in an emergency stop was initiated. Corrective work was completed: the terminal was tightened.",Electrical,Medium,the terminal was tightened
525,Pneumatic Actuator PA-125,"Inspection found a cracked air line on the pneumatic actuator pa-125; the compressor cycled frequently during the morning shift, and the equipment was taken offline. Corrective work was completed: the pressure circuit was inspected.",Pneumatic,Medium,the pressure circuit was inspected
44,Roller Assembly RA-144,"A fault was detected on the roller assembly ra-144 because of seal deterioration. Belt tracking deviation under full load, resulting in production was stopped. Corrective work was completed: the bearing was replaced.",Mechanical,Medium,the bearing was replaced
265,Motor M-115,"Maintenance personnel reported intermittent power loss occurred on the motor m-115 at peak operating speed. Investigation identified poor cable termination, and the line lost power. Corrective work was completed: the motor winding was inspected.",Electrical,High,the motor winding was inspected
407,Drive Motor DM-257,"Inspection found an overheated electrical connection on the drive motor dm-257; repeated electrical trips occurred during startup, and the motor tripped. Corrective work was completed: the voltage supply was stabilized.",Electrical,Medium,the voltage supply was stabilized
240,Mixer MX-340,"A fault was detected on the mixer mx-340 because of insufficient lubrication. Uneven rotation after a scheduled restart, resulting in the line operated at reduced speed. Corrective work was completed: the seal was renewed.",Mechanical,Critical,the seal was renewed
677,Compressed-Air Line AL-277,"Inspection found a damaged pneumatic seal on the compressed-air line al-277; the valve responded slowly under continuous demand, and production efficiency decreased. Corrective work was completed: the air filter was changed.",Pneumatic,High,the air filter was changed
405,Control Panel CP-255,"Maintenance personnel reported the unit failed to start on the control panel cp-255 during production changeover. Investigation identified poor cable termination, and the drive entered fault mode. Corrective work was completed: the terminal was tightened.",Electrical,Low,the terminal was tightened
260,Servo Motor SM-110,"The servo motor sm-110 developed a fault linked to voltage fluctuation. Intermittent power loss occurred during routine testing, so production stopped. Corrective work was completed: the damaged cable was repaired.",Electrical,Critical,the damaged cable was repaired
351,Servo Motor SM-201,"Inspection found voltage fluctuation on the servo motor sm-201; intermittent power loss occurred during startup, and the machine could not continue operation. Corrective work was completed: the motor winding was inspected.",Electrical,High,the motor winding was inspected
362,Variable Frequency Drive VFD-212,"A fault was detected on the variable frequency drive vfd-212 because of an overheated electrical connection. Motor temperature rose sharply while accelerating, resulting in an emergency stop was initiated. Corrective work was completed: the overload was corrected.",Electrical,High,the overload was corrected
654,Pneumatic Valve PV-254,"The pneumatic valve pv-254 developed a fault linked to a blocked air passage. Pressure could not be maintained after filter replacement, so the equipment was taken offline. Corrective work was completed: the regulator was recalibrated.",Pneumatic,High,the regulator was recalibrated
132,Shaft Assembly SA-232,"A fault was detected on the shaft assembly sa-232 because of shaft misalignment. Intermittent knocking during inspection, resulting in maintenance was requested. Corrective work was completed: the seal was renewed.",Mechanical,Critical,the seal was renewed
627,Air Dryer AD-227,"Maintenance personnel reported airflow became restricted on the air dryer ad-227 under continuous demand. Investigation identified a blocked air passage, and the unit entered a low-pressure condition. Corrective work was completed: the regulator was recalibrated.",Pneumatic,Low,the regulator was recalibrated
835,Boiler B-185,"Inspection found restricted coolant flow on the boiler b-185; cooling performance deteriorated during extended operation, and the process was paused. Corrective work was completed: the cooling passage was cleared.",Thermal,Low,the cooling passage was cleared
853,Industrial Furnace F-203,"Maintenance personnel reported cooling performance deteriorated on the industrial furnace f-203 during startup heating. Investigation identified a blocked cooling passage, and the process was paused. Corrective work was completed: the cooling passage was cleared.",Thermal,Critical,the cooling passage was cleared
796,Heat Exchanger HX-146,"The heat exchanger hx-146 developed a fault linked to uneven heat distribution. The unit could not maintain the set temperature while processing a high-temperature batch, so an emergency alarm was triggered. Corrective work was completed: the thermostat was replaced.",Thermal,Critical,the thermostat was replaced
9,Shaft Assembly SA-109,"Inspection found a loose mounting bolt on the shaft assembly sa-109; belt tracking deviation during inspection, and production was stopped. Corrective work was completed: the rotating assembly was balanced.",Mechanical,Low,the rotating assembly was balanced
830,Industrial Furnace F-180,"A fault was detected on the industrial furnace f-180 because of a defective pressure valve. Cooling performance deteriorated under maximum thermal load, resulting in an automatic shutdown occurred. Corrective work was completed: the thermostat was replaced.",Thermal,Low,the thermostat was replaced
674,Pneumatic Cylinder PC-274,"The pneumatic cylinder pc-274 developed a fault linked to moisture accumulation. Pressure fluctuated during operation during automatic operation, so operator intervention was required. Corrective work was completed: the cracked air line was repaired.",Pneumatic,Medium,the cracked air line was repaired
576,Pneumatic Actuator PA-176,"A fault was detected on the pneumatic actuator pa-176 because of a faulty pressure regulator. Air leakage was audible after filter replacement, resulting in the actuator stopped. Corrective work was completed: the moisture separator was serviced.",Pneumatic,Low,the moisture separator was serviced
558,Air Manifold AM-158,"The air manifold am-158 developed a fault linked to a blocked air passage. System pressure fell below the target after a maintenance restart, so the production line paused. Corrective work was completed: the moisture separator was serviced.",Pneumatic,High,the moisture separator was serviced
680,Air Compressor AC-280,"A fault was detected on the air compressor ac-280 because of a clogged air filter. The compressor cycled frequently under continuous demand, resulting in the actuator stopped. Corrective work was completed: the cracked air line was repaired.",Pneumatic,Critical,the cracked air line was repaired
195,Mixer MX-295,"Maintenance personnel reported abnormal friction on the mixer mx-295 after a scheduled restart. Investigation identified insufficient lubrication, and operator intervention was required. Corrective work was completed: mounting hardware was tightened.",Mechanical,High,mounting hardware was tightened
194,Mixer MX-294,"The mixer mx-294 developed a fault linked to a loose mounting bolt. Uneven rotation during inspection, so production was stopped. Corrective work was completed: the shaft was realigned.",Mechanical,Medium,the shaft was realigned
14,Rotary Feeder RF-114,"The rotary feeder rf-114 developed a fault linked to a cracked coupling. Increased mechanical noise during inspection, so production was stopped. Corrective work was completed: the rollers were replaced.",Mechanical,Low,the rollers were replaced
269,Variable Frequency Drive VFD-119,"Maintenance personnel reported supply voltage dropped on the variable frequency drive vfd-119 during startup. Investigation identified damaged motor winding, and the operator isolated the equipment. Corrective work was completed: the relay was replaced.",Electrical,Medium,the relay was replaced
643,Pneumatic Cylinder PC-243,"Maintenance personnel reported system pressure fell below the target on the pneumatic cylinder pc-243 when multiple actuators operated together. Investigation identified excessive pressure loss, and the production cycle was delayed. Corrective work was completed: the regulator was recalibrated.",Pneumatic,High,the regulator was recalibrated
517,Air Compressor AC-117,"Inspection found a defective control valve on the air compressor ac-117; pressure could not be maintained while the compressor was loaded, and operator intervention was required. Corrective work was completed: the leaking hose was replaced.",Pneumatic,Low,the leaking hose was replaced
971,Heat Exchanger HX-321,"Inspection found uneven heat distribution on the heat exchanger hx-321; temperature rose above the permitted limit during peak production, and the process temperature became unstable. Corrective work was completed: the pressure valve was inspected.",Thermal,High,the pressure valve was inspected
631,Air Receiver AR-231,"Maintenance personnel reported air leakage was audible on the air receiver ar-231 when multiple actuators operated together. Investigation identified a leaking hose, and machine speed was reduced. Corrective work was completed: the blocked passage was cleaned.",Pneumatic,High,the blocked passage was cleaned
986,Cooling Unit CU-336,"A fault was detected on the cooling unit cu-336 because of excessive fuel input. Oil temperature increased rapidly during peak production, resulting in the equipment was taken offline. Corrective work was completed: the cooling circuit was cleaned.",Thermal,High,the cooling circuit was cleaned
727,Air Filter Unit AF-327,"Maintenance personnel reported pressure fluctuated during operation on the air filter unit af-327 during automatic operation. Investigation identified a damaged pneumatic seal, and the production line paused. Corrective work was completed: the cracked air line was repaired.",Pneumatic,Medium,the cracked air line was repaired
402,Control Panel CP-252,"A fault was detected on the control panel cp-252 because of voltage fluctuation. Motor temperature rose sharply during continuous operation, resulting in the unit required electrical inspection. Corrective work was completed: the cable termination was corrected.",Electrical,Medium,the cable termination was corrected
162,Fan F-262,"The fan f-262 developed a fault linked to an unbalanced rotating assembly. Shaft oscillation during inspection, so the line operated at reduced speed. Corrective work was completed: lubrication was restored.",Mechanical,Low,lubrication was restored
315,Distribution Board DB-165,"Inspection found damaged motor winding on the distribution board db-165; sparking was observed after the equipment was restarted, and the drive entered fault mode. Corrective work was completed: the cable termination was corrected.",Electrical,Medium,the cable termination was corrected
98,Mixer MX-198,"The mixer mx-198 developed a fault linked to seal deterioration. Uneven rotation during peak production, so the line operated at reduced speed. Corrective work was completed: belt tension was corrected.",Mechanical,Medium,belt tension was corrected
612,Air Filter Unit AF-212,"A fault was detected on the air filter unit af-212 because of a blocked air passage. The actuator moved slowly during repeated actuator cycles, resulting in cycle time increased. Corrective work was completed: the pressure circuit was inspected.",Pneumatic,High,the pressure circuit was inspected
522,Air Receiver AR-122,"The air receiver ar-122 developed a fault linked to moisture accumulation. The valve responded slowly during the morning shift, so machine speed was reduced. Corrective work was completed: the control valve was replaced.",Pneumatic,Medium,the control valve was replaced
849,Steam Generator SG-199,"Maintenance personnel reported surface temperature became excessive on the steam generator sg-199 after a cooling-system restart. Investigation identified uneven heat distribution, and production was interrupted. Corrective work was completed: fuel input was adjusted.",Thermal,Critical,fuel input was adjusted
977,Thermal Reactor TR-327,"Maintenance personnel reported oil temperature increased rapidly on the thermal reactor tr-327 during a routine temperature check. Investigation identified uneven heat distribution, and the line operated at reduced capacity. Corrective work was completed: heat distribution was recalibrated.",Thermal,Critical,heat distribution was recalibrated
188,Coupling CP-288,"A fault was detected on the coupling cp-288 because of insufficient lubrication. Increased mechanical noise under full load, resulting in production was stopped. Corrective work was completed: the rollers were replaced.",Mechanical,Low,the rollers were replaced
919,Heat Exchanger HX-269,"Inspection found a faulty temperature sensor on the heat exchanger hx-269; oil temperature increased rapidly during peak production, and an automatic shutdown occurred. Corrective work was completed: the pressure valve was inspected.",Thermal,High,the pressure valve was inspected
570,Air Filter Unit AF-170,"The air filter unit af-170 developed a fault linked to a faulty pressure regulator. Pressure fluctuated during operation at maximum air consumption, so machine speed was reduced. Corrective work was completed: the leaking hose was replaced.",Pneumatic,Low,the leaking hose was replaced
726,Pneumatic Cylinder PC-326,"The pneumatic cylinder pc-326 developed a fault linked to a leaking hose. The actuator moved slowly during repeated actuator cycles, so the production line paused. Corrective work was completed: the moisture separator was serviced.",Pneumatic,Medium,the moisture separator was serviced
910,Steam Generator SG-260,"A fault was detected on the steam generator sg-260 because of restricted coolant flow. The unit could not maintain the set temperature after a cooling-system restart, resulting in the equipment was taken offline. Corrective work was completed: the cooling passage was cleared.",Thermal,Low,the cooling passage was cleared
695,Air Filter Unit AF-295,"Maintenance personnel reported the cylinder failed to complete its stroke on the air filter unit af-295 during a pressure test. Investigation identified a damaged pneumatic seal, and operator intervention was required. Corrective work was completed: the regulator was recalibrated.",Pneumatic,Medium,the regulator was recalibrated
649,Compressed-Air Line AL-249,"Inspection found a loose pipe fitting on the compressed-air line al-249; pressure could not be maintained during the morning shift, and the unit entered a low-pressure condition. Corrective work was completed: the pipe fitting was tightened.",Pneumatic,High,the pipe fitting was tightened
354,Motor M-204,"A fault was detected on the motor m-204 because of an overloaded circuit. Intermittent power loss occurred after an overnight shutdown, resulting in the unit required electrical inspection. Corrective work was completed: the relay was replaced.",Electrical,Critical,the relay was replaced
848,Cooling Unit CU-198,"The cooling unit cu-198 developed a fault linked to a faulty temperature sensor. Oil temperature increased rapidly after a cooling-system restart, so production was interrupted. Corrective work was completed: thermal insulation was repaired.",Thermal,Low,thermal insulation was repaired
861,Oil Cooler OC-211,"Maintenance personnel reported oil temperature increased rapidly on the oil cooler oc-211 under maximum thermal load. Investigation identified low coolant level, and an automatic shutdown occurred. Corrective work was completed: heat distribution was recalibrated.",Thermal,Medium,heat distribution was recalibrated
563,Pneumatic Valve PV-163,"Maintenance personnel reported the cylinder failed to complete its stroke on the pneumatic valve pv-163 after filter replacement. Investigation identified a clogged air filter, and cycle time increased. Corrective work was completed: the regulator was recalibrated.",Pneumatic,Critical,the regulator was recalibrated
946,Thermal Chamber TC-296,"A fault was detected on the thermal chamber tc-296 because of poor thermal insulation. Cooling performance deteriorated during peak production, resulting in the line operated at reduced capacity. Corrective work was completed: coolant was replenished.",Thermal,Critical,coolant was replenished
524,Air Dryer AD-124,"A fault was detected on the air dryer ad-124 because of a damaged pneumatic seal. The actuator moved slowly under continuous demand, resulting in operator intervention was required. Corrective work was completed: the cracked air line was repaired.",Pneumatic,Medium,the cracked air line was repaired
934,Cooling Unit CU-284,"A fault was detected on the cooling unit cu-284 because of uneven heat distribution. Cooling performance deteriorated during a routine temperature check, resulting in an emergency alarm was triggered. Corrective work was completed: coolant was replenished.",Thermal,High,coolant was replenished
406,Control Panel CP-256,"A fault was detected on the control panel cp-256 because of an overheated electrical connection. Current exceeded its normal range after an overnight shutdown, resulting in the unit required electrical inspection. Corrective work was completed: the electrical connection was replaced.",Electrical,Medium,the electrical connection was replaced
445,Power Supply PS-295,"Maintenance personnel reported the unit failed to start on the power supply ps-295 during continuous operation. Investigation identified an overheated electrical connection, and the drive entered fault mode. Corrective work was completed: the motor winding was inspected.",Electrical,Medium,the motor winding was inspected
610,Air Dryer AD-210,"The air dryer ad-210 developed a fault linked to excessive pressure loss. The valve responded slowly during automatic operation, so the unit entered a low-pressure condition. Corrective work was completed: the pressure circuit was inspected.",Pneumatic,Critical,the pressure circuit was inspected
984,Oil Cooler OC-334,"The oil cooler oc-334 developed a fault linked to uneven heat distribution. Thermal reading fluctuated under maximum thermal load, so the process was paused. Corrective work was completed: the thermostat was replaced.",Thermal,Low,the thermostat was replaced
281,Servo Motor SM-131,"Maintenance personnel reported the equipment shut down unexpectedly on the servo motor sm-131 during production changeover. Investigation identified insulation breakdown, and the drive entered fault mode. Corrective work was completed: the terminal was tightened.",Electrical,Low,the terminal was tightened
1000,Thermal Reactor TR-350,"The thermal reactor tr-350 developed a fault linked to low coolant level. Cooling performance deteriorated during extended operation, so the process was paused. Corrective work was completed: fuel input was adjusted.",Thermal,High,fuel input was adjusted
262,Distribution Board DB-112,"A fault was detected on the distribution board db-112 because of damaged motor winding. Supply voltage dropped during startup, resulting in the motor tripped. Corrective work was completed: the voltage supply was stabilized.",Electrical,Low,the voltage supply was stabilized
55,Mixer MX-155,"Maintenance personnel reported belt tracking deviation on the mixer mx-155 during startup. Investigation identified seal deterioration, and output quality decreased. Corrective work was completed: the rotating assembly was balanced.",Mechanical,High,the rotating assembly was balanced
227,Gearbox GB-327,"Maintenance personnel reported increased bearing temperature on the gearbox gb-327 after a scheduled restart. Investigation identified roller damage, and the equipment was isolated. Corrective work was completed: lubrication was restored.",Mechanical,Low,lubrication was restored
291,Motor M-141,"Inspection found insulation breakdown on the motor m-141; repeated electrical trips occurred after an overnight shutdown, and the operator isolated the equipment. Corrective work was completed: the voltage supply was stabilized.",Electrical,Low,the voltage supply was stabilized
213,Fan F-313,"Inspection found a worn bearing on the fan f-313; increased mechanical noise after a long production cycle, and maintenance was requested. Corrective work was completed: mounting hardware was tightened.",Mechanical,Critical,mounting hardware was tightened
736,Pneumatic Valve PV-336,"A fault was detected on the pneumatic valve pv-336 because of a leaking hose. Pressure could not be maintained while the compressor was loaded, resulting in operator intervention was required. Corrective work was completed: the control valve was replaced.",Pneumatic,Low,the control valve was replaced
43,Gearbox GB-143,"Maintenance personnel reported shaft oscillation on the gearbox gb-143 under full load. Investigation identified gear tooth wear, and the unit was taken offline. Corrective work was completed: the rollers were replaced.",Mechanical,Low,the rollers were replaced
390,Drive Motor DM-240,"A fault was detected on the drive motor dm-240 because of a short circuit. The drive reported an overload during routine testing, resulting in production capacity was reduced. Corrective work was completed: the cable termination was corrected.",Electrical,Low,the cable termination was corrected
936,Thermal Chamber TC-286,"The thermal chamber tc-286 developed a fault linked to excessive fuel input. Pressure increased unexpectedly during continuous heating, so production was interrupted. Corrective work was completed: the thermostat was replaced.",Thermal,Medium,the thermostat was replaced
312,Electrical Cabinet EC-162,"The electrical cabinet ec-162 developed a fault linked to a loose terminal. The unit failed to start after an overnight shutdown, so the motor tripped. Corrective work was completed: the contactor was replaced.",Electrical,Medium,the contactor was replaced
780,Steam Generator SG-130,"The steam generator sg-130 developed a fault linked to restricted coolant flow. Steam temperature exceeded the target under maximum thermal load, so the process temperature became unstable. Corrective work was completed: fuel input was adjusted.",Thermal,High,fuel input was adjusted
887,Process Heater PH-237,"Inspection found a defective pressure valve on the process heater ph-237; thermal reading fluctuated while processing a high-temperature batch, and an emergency alarm was triggered. Corrective work was completed: the thermostat was replaced.",Thermal,High,the thermostat was replaced
57,Gearbox GB-157,"Inspection found roller damage on the gearbox gb-157; increased bearing temperature under full load, and the unit was taken offline. Corrective work was completed: belt tension was corrected.",Mechanical,High,belt tension was corrected
499,Distribution Board DB-349,"Inspection found an overloaded circuit on the distribution board db-349; the unit failed to start during startup, and production capacity was reduced. Corrective work was completed: the contactor was replaced.",Electrical,Medium,the contactor was replaced
337,Electrical Cabinet EC-187,"Maintenance personnel reported the unit failed to start on the electrical cabinet ec-187 after the equipment was restarted. Investigation identified an overheated electrical connection, and the motor tripped. Corrective work was completed: the electrical connection was replaced.",Electrical,High,the electrical connection was replaced
513,Air Compressor AC-113,"Inspection found a damaged pneumatic seal on the air compressor ac-113; pressure fluctuated during operation while the compressor was loaded, and the production cycle was delayed. Corrective work was completed: the regulator was recalibrated.",Pneumatic,Low,the regulator was recalibrated
218,Shaft Assembly SA-318,"The shaft assembly sa-318 developed a fault linked to seal deterioration. Uneven rotation during peak production, so the unit was taken offline. Corrective work was completed: the rotating assembly was balanced.",Mechanical,Medium,the rotating assembly was balanced
602,Pneumatic Actuator PA-202,"The pneumatic actuator pa-202 developed a fault linked to excessive pressure loss. The cylinder failed to complete its stroke under continuous demand, so the pneumatic system was isolated. Corrective work was completed: the blocked passage was cleaned.",Pneumatic,High,the blocked passage was cleaned
186,Rotary Feeder RF-286,"The rotary feeder rf-286 developed a fault linked to insufficient lubrication. Strong vibration under variable load, so the machine tripped. Corrective work was completed: damaged gears were replaced.",Mechanical,Low,damaged gears were replaced
387,Servo Motor SM-237,"Inspection found an overloaded circuit on the servo motor sm-237; current exceeded its normal range during continuous operation, and the unit required electrical inspection. Corrective work was completed: the electrical connection was replaced.",Electrical,High,the electrical connection was replaced
310,Control Panel CP-160,"A fault was detected on the control panel cp-160 because of an overloaded circuit. Current exceeded its normal range while accelerating, resulting in production stopped. Corrective work was completed: the overload was corrected.",Electrical,Medium,the overload was corrected
85,Roller Assembly RA-185,"Inspection found shaft misalignment on the roller assembly ra-185; increased mechanical noise during peak production, and the machine tripped. Corrective work was completed: damaged gears were replaced.",Mechanical,High,damaged gears were replaced
293,Generator GEN-143,"Maintenance personnel reported motor temperature rose sharply on the generator gen-143 during production changeover. Investigation identified a short circuit, and the line lost power. Corrective work was completed: the contactor was replaced.",Electrical,Critical,the contactor was replaced
250,Conveyor CV-350,"The conveyor cv-350 developed a fault linked to shaft misalignment. Strong vibration during peak production, so the component required immediate attention. Corrective work was completed: lubrication was restored.",Mechanical,High,lubrication was restored
169,Gearbox GB-269,"Inspection found a cracked coupling on the gearbox gb-269; unstable rotational speed during inspection, and the unit was taken offline. Corrective work was completed: damaged gears were replaced.",Mechanical,High,damaged gears were replaced
537,Air Receiver AR-137,"Inspection found a cracked air line on the air receiver ar-137; the actuator moved slowly during repeated actuator cycles, and the actuator stopped. Corrective work was completed: the pressure circuit was inspected.",Pneumatic,Low,the pressure circuit was inspected
532,Air Receiver AR-132,"A fault was detected on the air receiver ar-132 because of a blocked air passage. Pressure fluctuated during operation under continuous demand, resulting in the pneumatic system was isolated. Corrective work was completed: the pressure circuit was inspected.",Pneumatic,Critical,the pressure circuit was inspected
599,Air Receiver AR-199,"Maintenance personnel reported system pressure fell below the target on the air receiver ar-199 when multiple actuators operated together. Investigation identified excessive pressure loss, and the equipment was taken offline. Corrective work was completed: the moisture separator was serviced.",Pneumatic,High,the moisture separator was serviced
176,Shaft Assembly SA-276,"A fault was detected on the shaft assembly sa-276 because of gear tooth wear. Strong vibration under full load, resulting in the component required immediate attention. Corrective work was completed: the bearing was replaced.",Mechanical,Critical,the bearing was replaced
1,Conveyor CV-101,"Inspection found roller damage on the conveyor cv-101; increased bearing temperature after a long production cycle, and operator intervention was required. Corrective work was completed: the shaft was realigned.",Mechanical,Medium,the shaft was realigned
155,Mixer MX-255,"Maintenance personnel reported intermittent knocking on the mixer mx-255 under variable load. Investigation identified excessive belt tension, and the machine tripped. Corrective work was completed: damaged gears were replaced.",Mechanical,High,damaged gears were replaced
480,Servo Motor SM-330,"The servo motor sm-330 developed a fault linked to an overheated electrical connection. Current exceeded its normal range while accelerating, so the unit required electrical inspection. Corrective work was completed: the voltage supply was stabilized.",Electrical,Critical,the voltage supply was stabilized
273,Electrical Cabinet EC-123,"Maintenance personnel reported intermittent power loss occurred on the electrical cabinet ec-123 during continuous operation. Investigation identified a loose terminal, and production stopped. Corrective work was completed: the voltage supply was stabilized.",Electrical,High,the voltage supply was stabilized
573,Air Dryer AD-173,"Inspection found a faulty pressure regulator on the air dryer ad-173; air leakage was audible while the compressor was loaded, and cycle time increased. Corrective work was completed: the pipe fitting was tightened.",Pneumatic,High,the pipe fitting was tightened
112,Conveyor CV-212,"A fault was detected on the conveyor cv-212 because of seal deterioration. Abnormal friction after a scheduled restart, resulting in throughput dropped. Corrective work was completed: the coupling was changed.",Mechanical,Low,the coupling was changed
581,Air Dryer AD-181,"Inspection found moisture accumulation on the air dryer ad-181; the cylinder failed to complete its stroke while the compressor was loaded, and cycle time increased. Corrective work was completed: the control valve was replaced.",Pneumatic,High,the control valve was replaced
185,Conveyor CV-285,"Inspection found a worn bearing on the conveyor cv-285; abnormal friction during peak production, and throughput dropped. Corrective work was completed: the shaft was realigned.",Mechanical,Medium,the shaft was realigned
175,Pump P-275,"Maintenance personnel reported unstable rotational speed on the pump p-275 during peak production. Investigation identified seal deterioration, and the unit was taken offline. Corrective work was completed: lubrication was restored.",Mechanical,High,lubrication was restored
69,Roller Assembly RA-169,"Inspection found insufficient lubrication on the roller assembly ra-169; intermittent knocking after a scheduled restart, and maintenance was requested. Corrective work was completed: damaged gears were replaced.",Mechanical,High,damaged gears were replaced
455,Electrical Cabinet EC-305,"Inspection found an overheated electrical connection on the electrical cabinet ec-305; motor temperature rose sharply under maximum load, and the line lost power. Corrective work was completed: the electrical connection was replaced.",Electrical,Low,the electrical connection was replaced
961,Industrial Furnace F-311,"Maintenance personnel reported surface temperature became excessive on the industrial furnace f-311 after a cooling-system restart. Investigation identified low coolant level, and the line operated at reduced capacity. Corrective work was completed: the temperature sensor was replaced.",Thermal,Critical,the temperature sensor was replaced
604,Pressure Regulator PR-204,"A fault was detected on the pressure regulator pr-204 because of excessive pressure loss. The actuator moved slowly when multiple actuators operated together, resulting in machine speed was reduced. Corrective work was completed: the pipe fitting was tightened.",Pneumatic,High,the pipe fitting was tightened
510,Air Compressor AC-110,"The air compressor ac-110 developed a fault linked to a leaking hose. The valve responded slowly during a pressure test, so production efficiency decreased. Corrective work was completed: the pressure circuit was inspected.",Pneumatic,Medium,the pressure circuit was inspected
208,Gearbox GB-308,"A fault was detected on the gearbox gb-308 because of a worn bearing. Unstable rotational speed during continuous operation, resulting in the component required immediate attention. Corrective work was completed: the seal was renewed.",Mechanical,Medium,the seal was renewed
106,Coupling CP-206,"The coupling cp-206 developed a fault linked to an unbalanced rotating assembly. Intermittent knocking while running at high speed, so throughput dropped. Corrective work was completed: the coupling was changed.",Mechanical,High,the coupling was changed
75,Fan F-175,"Maintenance personnel reported uneven rotation on the fan f-175 under full load. Investigation identified a cracked coupling, and the machine tripped. Corrective work was completed: lubrication was restored.",Mechanical,Medium,lubrication was restored
840,Industrial Furnace F-190,"The industrial furnace f-190 developed a fault linked to low coolant level. Surface temperature became excessive during startup heating, so an automatic shutdown occurred. Corrective work was completed: coolant was replenished.",Thermal,High,coolant was replenished
824,Cooling Unit CU-174,"The cooling unit cu-174 developed a fault linked to restricted coolant flow. Surface temperature became excessive after a long operating cycle, so the line operated at reduced capacity. Corrective work was completed: heat distribution was recalibrated.",Thermal,Low,heat distribution was recalibrated
88,Roller Assembly RA-188,"A fault was detected on the roller assembly ra-188 because of roller damage. Uneven rotation after a scheduled restart, resulting in output quality decreased. Corrective work was completed: mounting hardware was tightened.",Mechanical,Medium,mounting hardware was tightened
334,Generator GEN-184,"A fault was detected on the generator gen-184 because of a defective relay. The equipment shut down unexpectedly after an overnight shutdown, resulting in the line lost power. Corrective work was completed: the motor winding was inspected.",Electrical,Low,the motor winding was inspected
463,Starter ST-313,"Inspection found an overloaded circuit on the starter st-313; supply voltage dropped during startup, and production stopped. Corrective work was completed: the electrical connection was replaced.",Electrical,Low,the electrical connection was replaced
149,Roller Assembly RA-249,"Inspection found a worn bearing on the roller assembly ra-249; strong vibration during continuous operation, and output quality decreased. Corrective work was completed: the rollers were replaced.",Mechanical,High,the rollers were replaced
49,Fan F-149,"Inspection found excessive belt tension on the fan f-149; strong vibration under variable load, and the equipment was isolated. Corrective work was completed: the seal was renewed.",Mechanical,Critical,the seal was renewed
802,Heat Exchanger HX-152,"A fault was detected on the heat exchanger hx-152 because of insufficient heat dissipation. Heat transfer efficiency dropped during peak production, resulting in operator intervention was required. Corrective work was completed: fuel input was adjusted.",Thermal,Medium,fuel input was adjusted
901,Thermal Reactor TR-251,"Maintenance personnel reported cooling performance deteriorated on the thermal reactor tr-251 under maximum thermal load. Investigation identified excessive fuel input, and the equipment entered protection mode. Corrective work was completed: the cooling passage was cleared.",Thermal,Critical,the cooling passage was cleared
512,Pressure Regulator PR-112,"A fault was detected on the pressure regulator pr-112 because of moisture accumulation. Air leakage was audible when multiple actuators operated together, resulting in the actuator stopped. Corrective work was completed: the pressure circuit was inspected.",Pneumatic,High,the pressure circuit was inspected
59,Rotary Feeder RF-159,"Maintenance personnel reported unstable rotational speed on the rotary feeder rf-159 under variable load. Investigation identified shaft misalignment, and maintenance was requested. Corrective work was completed: the seal was renewed.",Mechanical,Medium,the seal was renewed
729,Pressure Regulator PR-329,"Inspection found excessive pressure loss on the pressure regulator pr-329; the compressor cycled frequently during repeated actuator cycles, and the production cycle was delayed. Corrective work was completed: the leaking hose was replaced.",Pneumatic,Critical,the leaking hose was replaced
967,Industrial Furnace F-317,"Inspection found excessive fuel input on the industrial furnace f-317; surface temperature became excessive during a routine temperature check, and the process temperature became unstable. Corrective work was completed: heat dissipation was restored.",Thermal,Medium,heat dissipation was restored
276,Drive Motor DM-126,"The drive motor dm-126 developed a fault linked to poor cable termination. Voltage became unstable after the equipment was restarted, so the machine could not continue operation. Corrective work was completed: insulation was repaired.",Electrical,High,insulation was repaired
261,Distribution Board DB-111,"Maintenance personnel reported voltage became unstable on the distribution board db-111 while accelerating. Investigation identified a failed contactor, and the machine could not continue operation. Corrective work was completed: the motor winding was inspected.",Electrical,Critical,the motor winding was inspected
789,Industrial Furnace F-139,"Maintenance personnel reported the chamber overheated on the industrial furnace f-139 while operating at high pressure. Investigation identified excessive fuel input, and production was interrupted. Corrective work was completed: fuel input was adjusted.",Thermal,Critical,fuel input was adjusted
200,Shaft Assembly SA-300,"A fault was detected on the shaft assembly sa-300 because of insufficient lubrication. Increased bearing temperature during startup, resulting in throughput dropped. Corrective work was completed: the coupling was changed.",Mechanical,Critical,the coupling was changed
338,Starter ST-188,"A fault was detected on the starter st-188 because of a failed contactor. Repeated electrical trips occurred after a power fluctuation, resulting in the line lost power. Corrective work was completed: the overload was corrected.",Electrical,Critical,the overload was corrected
203,Pump P-303,"Maintenance personnel reported intermittent knocking on the pump p-303 under variable load. Investigation identified insufficient lubrication, and the equipment was isolated. Corrective work was completed: damaged gears were replaced.",Mechanical,High,damaged gears were replaced
812,Thermal Chamber TC-162,"The thermal chamber tc-162 developed a fault linked to restricted coolant flow. Thermal reading fluctuated during startup heating, so an automatic shutdown occurred. Corrective work was completed: the thermostat was replaced.",Thermal,Medium,the thermostat was replaced
993,Thermal Chamber TC-343,"Maintenance personnel reported oil temperature increased rapidly on the thermal chamber tc-343 under maximum thermal load. Investigation identified excessive fuel input, and an automatic shutdown occurred. Corrective work was completed: the cooling passage was cleared.",Thermal,High,the cooling passage was cleared
886,Heat Exchanger HX-236,"A fault was detected on the heat exchanger hx-236 because of low coolant level. Temperature rose above the permitted limit under maximum thermal load, resulting in production was interrupted. Corrective work was completed: fuel input was adjusted.",Thermal,Medium,fuel input was adjusted
751,Industrial Furnace F-101,"Inspection found uneven heat distribution on the industrial furnace f-101; thermal reading fluctuated during startup heating, and an automatic shutdown occurred. Corrective work was completed: heat distribution was recalibrated.",Thermal,Medium,heat distribution was recalibrated
595,Air Filter Unit AF-195,"Maintenance personnel reported the compressor cycled frequently on the air filter unit af-195 during the morning shift. Investigation identified excessive pressure loss, and machine speed was reduced. Corrective work was completed: the moisture separator was serviced.",Pneumatic,Medium,the moisture separator was serviced
427,Drive Motor DM-277,"Inspection found a failed contactor on the drive motor dm-277; sparking was observed after the equipment was restarted, and the line lost power. Corrective work was completed: the damaged cable was repaired.",Electrical,Medium,the damaged cable was repaired
777,Hot-Air Oven O-127,"Maintenance personnel reported temperature rose above the permitted limit on the hot-air oven o-127 during peak production. Investigation identified a malfunctioning thermostat, and an automatic shutdown occurred. Corrective work was completed: heat distribution was recalibrated.",Thermal,High,heat distribution was recalibrated
762,Hot-Air Oven O-112,"A fault was detected on the hot-air oven o-112 because of a defective pressure valve. The unit could not maintain the set temperature after a long operating cycle, resulting in an automatic shutdown occurred. Corrective work was completed: coolant was replenished.",Thermal,Critical,coolant was replenished
630,Air Receiver AR-230,"The air receiver ar-230 developed a fault linked to a loose pipe fitting. Air leakage was audible during repeated actuator cycles, so the pneumatic system was isolated. Corrective work was completed: the pressure circuit was inspected.",Pneumatic,Medium,the pressure circuit was inspected
27,Fan F-127,"Maintenance personnel reported increased bearing temperature on the fan f-127 after a scheduled restart. Investigation identified an unbalanced rotating assembly, and output quality decreased. Corrective work was completed: belt tension was corrected.",Mechanical,Medium,belt tension was corrected
52,Gearbox GB-152,"A fault was detected on the gearbox gb-152 because of a loose mounting bolt. Belt tracking deviation during startup, resulting in the unit was taken offline. Corrective work was completed: the rotating assembly was balanced.",Mechanical,Medium,the rotating assembly was balanced
20,Agitator AG-120,"A fault was detected on the agitator ag-120 because of gear tooth wear. Repeated mechanical impact while running at high speed, resulting in the equipment was isolated. Corrective work was completed: the bearing was replaced.",Mechanical,Low,the bearing was replaced
129,Shaft Assembly SA-229,"Inspection found shaft misalignment on the shaft assembly sa-229; unstable rotational speed during peak production, and the unit was taken offline. Corrective work was completed: the rotating assembly was balanced.",Mechanical,Low,the rotating assembly was balanced
991,Hot-Air Oven O-341,"Inspection found a faulty temperature sensor on the hot-air oven o-341; cooling performance deteriorated during a routine temperature check, and an emergency alarm was triggered. Corrective work was completed: the temperature sensor was replaced.",Thermal,Low,the temperature sensor was replaced
42,Fan F-142,"The fan f-142 developed a fault linked to an unbalanced rotating assembly. Increased mechanical noise during inspection, so output quality decreased. Corrective work was completed: the seal was renewed.",Mechanical,Low,the seal was renewed
669,Pneumatic Cylinder PC-269,"Inspection found moisture accumulation on the pneumatic cylinder pc-269; the valve responded slowly under continuous demand, and production efficiency decreased. Corrective work was completed: the pneumatic seal was renewed.",Pneumatic,Low,the pneumatic seal was renewed
95,Coupling CP-195,"Maintenance personnel reported intermittent knocking on the coupling cp-195 during peak production. Investigation identified a worn bearing, and operator intervention was required. Corrective work was completed: lubrication was restored.",Mechanical,Critical,lubrication was restored
373,Distribution Board DB-223,"Maintenance personnel reported supply voltage dropped on the distribution board db-223 while accelerating. Investigation identified a defective relay, and production stopped. Corrective work was completed: insulation was repaired.",Electrical,Critical,insulation was repaired
289,Motor M-139,"Maintenance personnel reported intermittent power loss occurred on the motor m-139 during startup. Investigation identified a defective relay, and production stopped. Corrective work was completed: the motor winding was inspected.",Electrical,High,the motor winding was inspected
110,Mixer MX-210,"The mixer mx-210 developed a fault linked to a loose mounting bolt. Repeated mechanical impact during continuous operation, so production was stopped. Corrective work was completed: damaged gears were replaced.",Mechanical,Medium,damaged gears were replaced
815,Hot-Air Oven O-165,"Inspection found restricted coolant flow on the hot-air oven o-165; the unit could not maintain the set temperature during peak production, and the process temperature became unstable. Corrective work was completed: the cooling circuit was cleaned.",Thermal,Low,the cooling circuit was cleaned
339,Distribution Board DB-189,"Inspection found an overloaded circuit on the distribution board db-189; intermittent power loss occurred under maximum load, and production stopped. Corrective work was completed: the contactor was replaced.",Electrical,Medium,the contactor was replaced
47,Agitator AG-147,"Maintenance personnel reported increased mechanical noise on the agitator ag-147 while running at high speed. Investigation identified insufficient lubrication, and the unit was taken offline. Corrective work was completed: the seal was renewed.",Mechanical,Critical,the seal was renewed
909,Oil Cooler OC-259,"Maintenance personnel reported temperature rose above the permitted limit on the oil cooler oc-259 during startup heating. Investigation identified restricted coolant flow, and an emergency alarm was triggered. Corrective work was completed: the thermostat was replaced.",Thermal,Medium,the thermostat was replaced
891,Heat Exchanger HX-241,"Inspection found a defective pressure valve on the heat exchanger hx-241; oil temperature increased rapidly while operating at high pressure, and an emergency alarm was triggered. Corrective work was completed: thermal insulation was repaired.",Thermal,High,thermal insulation was repaired
947,Thermal Reactor TR-297,"Inspection found excessive fuel input on the thermal reactor tr-297; the chamber overheated while processing a high-temperature batch, and an emergency alarm was triggered. Corrective work was completed: the cooling circuit was cleaned.",Thermal,Medium,the cooling circuit was cleaned
554,Air Compressor AC-154,"The air compressor ac-154 developed a fault linked to a leaking hose. The pneumatic circuit became unstable during a pressure test, so operator intervention was required. Corrective work was completed: the leaking hose was replaced.",Pneumatic,Medium,the leaking hose was replaced
167,Rotary Feeder RF-267,"Maintenance personnel reported uneven rotation on the rotary feeder rf-267 during inspection. Investigation identified a worn bearing, and production was stopped. Corrective work was completed: the bearing was replaced.",Mechanical,Medium,the bearing was replaced
709,Pneumatic Valve PV-309,"Inspection found a blocked air passage on the pneumatic valve pv-309; the actuator moved slowly during automatic operation, and the unit entered a low-pressure condition. Corrective work was completed: the blocked passage was cleaned.",Pneumatic,Medium,the blocked passage was cleaned
624,Air Manifold AM-224,"A fault was detected on the air manifold am-224 because of a faulty pressure regulator. Air leakage was audible after a maintenance restart, resulting in the production cycle was delayed. Corrective work was completed: the leaking hose was replaced.",Pneumatic,Low,the leaking hose was replaced
331,Power Supply PS-181,"Inspection found an overheated electrical connection on the power supply ps-181; the unit failed to start at peak operating speed, and the motor tripped. Corrective work was completed: the contactor was replaced.",Electrical,Critical,the contactor was replaced
372,Electrical Cabinet EC-222,"The electrical cabinet ec-222 developed a fault linked to damaged motor winding. Intermittent power loss occurred after a power fluctuation, so production stopped. Corrective work was completed: the overload was corrected.",Electrical,Medium,the overload was corrected
797,Process Heater PH-147,"Maintenance personnel reported temperature rose above the permitted limit on the process heater ph-147 during a routine temperature check. Investigation identified a malfunctioning thermostat, and operator intervention was required. Corrective work was completed: heat dissipation was restored.",Thermal,Low,heat dissipation was restored
588,Pneumatic Cylinder PC-188,"A fault was detected on the pneumatic cylinder pc-188 because of a faulty pressure regulator. The cylinder failed to complete its stroke during repeated actuator cycles, resulting in operator intervention was required. Corrective work was completed: the pneumatic seal was renewed.",Pneumatic,Critical,the pneumatic seal was renewed
32,Rotary Feeder RF-132,"A fault was detected on the rotary feeder rf-132 because of excessive belt tension. Increased bearing temperature under variable load, resulting in the equipment was isolated. Corrective work was completed: the seal was renewed.",Mechanical,High,the seal was renewed
38,Coupling CP-138,"The coupling cp-138 developed a fault linked to roller damage. Strong vibration during startup, so production was stopped. Corrective work was completed: the coupling was changed.",Mechanical,High,the coupling was changed
542,Pneumatic Actuator PA-142,"The pneumatic actuator pa-142 developed a fault linked to a loose pipe fitting. The pneumatic circuit became unstable during automatic operation, so machine speed was reduced. Corrective work was completed: the blocked passage was cleaned.",Pneumatic,High,the blocked passage was cleaned
244,Agitator AG-344,"A fault was detected on the agitator ag-344 because of a worn bearing. Increased bearing temperature under full load, resulting in the equipment was isolated. Corrective work was completed: the bearing was replaced.",Mechanical,Low,the bearing was replaced
739,Pneumatic Actuator PA-339,"Maintenance personnel reported pressure could not be maintained on the pneumatic actuator pa-339 after a maintenance restart. Investigation identified a clogged air filter, and machine speed was reduced. Corrective work was completed: the pressure circuit was inspected.",Pneumatic,Critical,the pressure circuit was inspected
371,Drive Motor DM-221,"Inspection found insulation breakdown on the drive motor dm-221; current exceeded its normal range during continuous operation, and the motor tripped. Corrective work was completed: the voltage supply was stabilized.",Electrical,Medium,the voltage supply was stabilized
938,Hot-Air Oven O-288,"A fault was detected on the hot-air oven o-288 because of restricted coolant flow. The chamber overheated after a cooling-system restart, resulting in the equipment was taken offline. Corrective work was completed: heat dissipation was restored.",Thermal,Critical,heat dissipation was restored
137,Roller Assembly RA-237,"Inspection found a loose mounting bolt on the roller assembly ra-237; increased bearing temperature during startup, and output quality decreased. Corrective work was completed: the rotating assembly was balanced.",Mechanical,High,the rotating assembly was balanced
619,Air Compressor AC-219,"Maintenance personnel reported the actuator moved slowly on the air compressor ac-219 after filter replacement. Investigation identified a faulty pressure regulator, and cycle time increased. Corrective work was completed: the moisture separator was serviced.",Pneumatic,High,the moisture separator was serviced
290,Variable Frequency Drive VFD-140,"A fault was detected on the variable frequency drive vfd-140 because of an overheated electrical connection. Intermittent power loss occurred under maximum load, resulting in the equipment remained unavailable. Corrective work was completed: the damaged cable was repaired.",Electrical,High,the damaged cable was repaired
359,Electrical Cabinet EC-209,"Inspection found an overheated electrical connection on the electrical cabinet ec-209; the equipment shut down unexpectedly during production changeover, and production capacity was reduced. Corrective work was completed: the motor winding was inspected.",Electrical,Low,the motor winding was inspected
171,Agitator AG-271,"Maintenance personnel reported unstable rotational speed on the agitator ag-271 after a scheduled restart. Investigation identified insufficient lubrication, and production was stopped. Corrective work was completed: the rollers were replaced.",Mechanical,Critical,the rollers were replaced
144,Roller Assembly RA-244,"A fault was detected on the roller assembly ra-244 because of an unbalanced rotating assembly. Belt tracking deviation during inspection, resulting in the unit was taken offline. Corrective work was completed: the rotating assembly was balanced.",Mechanical,Medium,the rotating assembly was balanced
774,Oil Cooler OC-124,"A fault was detected on the oil cooler oc-124 because of insufficient heat dissipation. Surface temperature became excessive while operating at high pressure, resulting in the line operated at reduced capacity. Corrective work was completed: heat dissipation was restored.",Thermal,High,heat dissipation was restored
297,Starter ST-147,"Maintenance personnel reported current exceeded its normal range on the starter st-147 during startup. Investigation identified a loose terminal, and an emergency stop was initiated. Corrective work was completed: the motor winding was inspected.",Electrical,High,the motor winding was inspected
92,Rotary Feeder RF-192,"A fault was detected on the rotary feeder rf-192 because of roller damage. Belt tracking deviation after a scheduled restart, resulting in the unit was taken offline. Corrective work was completed: the rollers were replaced.",Mechanical,High,the rollers were replaced
996,Hot-Air Oven O-346,"The hot-air oven o-346 developed a fault linked to restricted coolant flow. Surface temperature became excessive under maximum thermal load, so the line operated at reduced capacity. Corrective work was completed: heat dissipation was restored.",Thermal,Medium,heat dissipation was restored
899,Thermal Chamber TC-249,"Inspection found insufficient heat dissipation on the thermal chamber tc-249; temperature rose above the permitted limit during extended operation, and an automatic shutdown occurred. Corrective work was completed: coolant was replenished.",Thermal,Low,coolant was replenished
122,Coupling CP-222,"The coupling cp-222 developed a fault linked to shaft misalignment. Uneven rotation during inspection, so the line operated at reduced speed. Corrective work was completed: the rollers were replaced.",Mechanical,High,the rollers were replaced
126,Agitator AG-226,"The agitator ag-226 developed a fault linked to roller damage. Uneven rotation during inspection, so the line operated at reduced speed. Corrective work was completed: damaged gears were replaced.",Mechanical,High,damaged gears were replaced
660,Pneumatic Actuator PA-260,"A fault was detected on the pneumatic actuator pa-260 because of a blocked air passage. The cylinder failed to complete its stroke during a pressure test, resulting in the actuator stopped. Corrective work was completed: the pneumatic seal was renewed.",Pneumatic,Low,the pneumatic seal was renewed
444,Distribution Board DB-294,"The distribution board db-294 developed a fault linked to damaged motor winding. Sparking was observed during production changeover, so the machine could not continue operation. Corrective work was completed: the electrical connection was replaced.",Electrical,High,the electrical connection was replaced
23,Shaft Assembly SA-123,"Maintenance personnel reported repeated mechanical impact on the shaft assembly sa-123 during peak production. Investigation identified insufficient lubrication, and the equipment was isolated. Corrective work was completed: lubrication was restored.",Mechanical,High,lubrication was restored
117,Roller Assembly RA-217,"Inspection found an unbalanced rotating assembly on the roller assembly ra-217; increased mechanical noise under variable load, and production was stopped. Corrective work was completed: the rotating assembly was balanced.",Mechanical,High,the rotating assembly was balanced
376,Motor M-226,"The motor m-226 developed a fault linked to a failed contactor. Motor temperature rose sharply while accelerating, so production capacity was reduced. Corrective work was completed: the overload was corrected.",Electrical,Medium,the overload was corrected
600,Compressed-Air Line AL-200,"A fault was detected on the compressed-air line al-200 because of a blocked air passage. The pneumatic circuit became unstable during a pressure test, resulting in the production line paused. Corrective work was completed: the pressure circuit was inspected.",Pneumatic,Medium,the pressure circuit was inspected
819,Process Heater PH-169,"Inspection found poor thermal insulation on the process heater ph-169; heat transfer efficiency dropped while processing a high-temperature batch, and the equipment entered protection mode. Corrective work was completed: the pressure valve was inspected.",Thermal,High,the pressure valve was inspected
540,Pneumatic Cylinder PC-140,"A fault was detected on the pneumatic cylinder pc-140 because of a blocked air passage. The actuator moved slowly while the compressor was loaded, resulting in the production line paused. Corrective work was completed: the cracked air line was repaired.",Pneumatic,Critical,the cracked air line was repaired
459,Distribution Board DB-309,"Inspection found voltage fluctuation on the distribution board db-309; voltage became unstable at peak operating speed, and an emergency stop was initiated. Corrective work was completed: the voltage supply was stabilized.",Electrical,Medium,the voltage supply was stabilized
426,Servo Motor SM-276,"A fault was detected on the servo motor sm-276 because of voltage fluctuation. The drive reported an overload after a power fluctuation, resulting in the machine could not continue operation. Corrective work was completed: the terminal was tightened.",Electrical,Medium,the terminal was tightened
561,Pressure Regulator PR-161,"Inspection found a blocked air passage on the pressure regulator pr-161; the cylinder failed to complete its stroke during repeated actuator cycles, and the equipment was taken offline. Corrective work was completed: the leaking hose was replaced.",Pneumatic,Critical,the leaking hose was replaced
28,Roller Assembly RA-128,"A fault was detected on the roller assembly ra-128 because of seal deterioration. Uneven rotation during peak production, resulting in production was stopped. Corrective work was completed: belt tension was corrected.",Mechanical,Medium,belt tension was corrected
982,Thermal Chamber TC-332,"A fault was detected on the thermal chamber tc-332 because of a faulty temperature sensor. Temperature rose above the permitted limit during startup heating, resulting in the unit was isolated for inspection. Corrective work was completed: the pressure valve was inspected.",Thermal,Critical,the pressure valve was inspected
526,Pressure Regulator PR-126,"The pressure regulator pr-126 developed a fault linked to a clogged air filter. The pneumatic circuit became unstable during automatic operation, so the equipment was taken offline. Corrective work was completed: the cracked air line was repaired.",Pneumatic,Low,the cracked air line was repaired
857,Heat Exchanger HX-207,"Maintenance personnel reported cooling performance deteriorated on the heat exchanger hx-207 after a cooling-system restart. Investigation identified uneven heat distribution, and the unit was isolated for inspection. Corrective work was completed: the temperature sensor was replaced.",Thermal,Low,the temperature sensor was replaced
867,Thermal Chamber TC-217,"Inspection found a defective pressure valve on the thermal chamber tc-217; steam temperature exceeded the target during peak production, and the unit was isolated for inspection. Corrective work was completed: thermal insulation was repaired.",Thermal,Low,thermal insulation was repaired
436,Variable Frequency Drive VFD-286,"The variable frequency drive vfd-286 developed a fault linked to insulation breakdown. Sparking was observed at peak operating speed, so the line lost power. Corrective work was completed: the motor winding was inspected.",Electrical,Low,the motor winding was inspected
210,Roller Assembly RA-310,"The roller assembly ra-310 developed a fault linked to insufficient lubrication. Intermittent knocking during startup, so output quality decreased. Corrective work was completed: mounting hardware was tightened.",Mechanical,Critical,mounting hardware was tightened
880,Oil Cooler OC-230,"The oil cooler oc-230 developed a fault linked to low coolant level. Cooling performance deteriorated after a long operating cycle, so operator intervention was required. Corrective work was completed: coolant was replenished.",Thermal,Low,coolant was replenished
440,Starter ST-290,"The starter st-290 developed a fault linked to an overloaded circuit. Voltage became unstable during production changeover, so the operator isolated the equipment. Corrective work was completed: the motor winding was inspected.",Electrical,Medium,the motor winding was inspected
431,Power Supply PS-281,"Inspection found voltage fluctuation on the power supply ps-281; sparking was observed during production changeover, and the motor tripped. Corrective work was completed: the contactor was replaced.",Electrical,Critical,the contactor was replaced
865,Thermal Chamber TC-215,"Maintenance personnel reported temperature rose above the permitted limit on the thermal chamber tc-215 while processing a high-temperature batch. Investigation identified a malfunctioning thermostat, and the unit was isolated for inspection. Corrective work was completed: coolant was replenished.",Thermal,High,coolant was replenished
22,Coupling CP-122,"The coupling cp-122 developed a fault linked to excessive belt tension. Increased mechanical noise after a long production cycle, so the equipment was isolated. Corrective work was completed: mounting hardware was tightened.",Mechanical,High,mounting hardware was tightened
77,Gearbox GB-177,"Inspection found a cracked coupling on the gearbox gb-177; belt tracking deviation during continuous operation, and maintenance was requested. Corrective work was completed: the coupling was changed.",Mechanical,High,the coupling was changed
846,Steam Generator SG-196,"A fault was detected on the steam generator sg-196 because of poor thermal insulation. Oil temperature increased rapidly during startup heating, resulting in the process temperature became unstable. Corrective work was completed: the thermostat was replaced.",Thermal,Low,the thermostat was replaced
332,Variable Frequency Drive VFD-182,"The variable frequency drive vfd-182 developed a fault linked to an overheated electrical connection. Voltage became unstable during startup, so the machine could not continue operation. Corrective work was completed: the contactor was replaced.",Electrical,Low,the contactor was replaced
174,Gearbox GB-274,"The gearbox gb-274 developed a fault linked to shaft misalignment. Strong vibration after recent maintenance, so throughput dropped. Corrective work was completed: the shaft was realigned.",Mechanical,Critical,the shaft was realigned
377,Servo Motor SM-227,"Maintenance personnel reported current exceeded its normal range on the servo motor sm-227 during production changeover. Investigation identified an overheated electrical connection, and the line lost power. Corrective work was completed: the terminal was tightened.",Electrical,Low,the terminal was tightened
114,Agitator AG-214,"The agitator ag-214 developed a fault linked to roller damage. Strong vibration while running at high speed, so production was stopped. Corrective work was completed: the seal was renewed.",Mechanical,High,the seal was renewed
578,Pneumatic Valve PV-178,"The pneumatic valve pv-178 developed a fault linked to a faulty pressure regulator. System pressure fell below the target while the compressor was loaded, so production efficiency decreased. Corrective work was completed: the control valve was replaced.",Pneumatic,High,the control valve was replaced
641,Air Dryer AD-241,"Inspection found a loose pipe fitting on the air dryer ad-241; the cylinder failed to complete its stroke when multiple actuators operated together, and machine speed was reduced. Corrective work was completed: the moisture separator was serviced.",Pneumatic,High,the moisture separator was serviced
425,Starter ST-275,"Maintenance personnel reported the drive reported an overload on the starter st-275 during continuous operation. Investigation identified a failed contactor, and the line lost power. Corrective work was completed: the terminal was tightened.",Electrical,High,the terminal was tightened
35,Mixer MX-135,"Maintenance personnel reported unstable rotational speed on the mixer mx-135 under full load. Investigation identified excessive belt tension, and output quality decreased. Corrective work was completed: the seal was renewed.",Mechanical,High,the seal was renewed
553,Pneumatic Valve PV-153,"Inspection found a damaged pneumatic seal on the pneumatic valve pv-153; the pneumatic circuit became unstable while the compressor was loaded, and machine speed was reduced. Corrective work was completed: the moisture separator was serviced.",Pneumatic,Medium,the moisture separator was serviced
883,Thermal Chamber TC-233,"Inspection found a blocked cooling passage on the thermal chamber tc-233; heat transfer efficiency dropped during extended operation, and operator intervention was required. Corrective work was completed: the cooling circuit was cleaned.",Thermal,Low,the cooling circuit was cleaned
667,Air Receiver AR-267,"Maintenance personnel reported the actuator moved slowly on the air receiver ar-267 when multiple actuators operated together. Investigation identified a blocked air passage, and the pneumatic system was isolated. Corrective work was completed: the leaking hose was replaced.",Pneumatic,High,the leaking hose was replaced
609,Air Manifold AM-209,"Inspection found a blocked air passage on the air manifold am-209; airflow became restricted during repeated actuator cycles, and cycle time increased. Corrective work was completed: the regulator was recalibrated.",Pneumatic,Medium,the regulator was recalibrated
717,Pneumatic Cylinder PC-317,"Inspection found a clogged air filter on the pneumatic cylinder pc-317; the compressor cycled frequently during automatic operation, and operator intervention was required. Corrective work was completed: the pressure circuit was inspected.",Pneumatic,Low,the pressure circuit was inspected
818,Thermal Reactor TR-168,"A fault was detected on the thermal reactor tr-168 because of a faulty temperature sensor. The chamber overheated while operating at high pressure, resulting in an automatic shutdown occurred. Corrective work was completed: the pressure valve was inspected.",Thermal,Low,the pressure valve was inspected
12,Roller Assembly RA-112,"A fault was detected on the roller assembly ra-112 because of seal deterioration. Increased mechanical noise during inspection, resulting in operator intervention was required. Corrective work was completed: the rotating assembly was balanced.",Mechanical,Medium,the rotating assembly was balanced
316,Servo Motor SM-166,"The servo motor sm-166 developed a fault linked to a short circuit. Intermittent power loss occurred during routine testing, so production stopped. Corrective work was completed: the motor winding was inspected.",Electrical,Critical,the motor winding was inspected
420,Electrical Cabinet EC-270,"The electrical cabinet ec-270 developed a fault linked to voltage fluctuation. Sparking was observed during routine testing, so the operator isolated the equipment. Corrective work was completed: the cable termination was corrected.",Electrical,Medium,the cable termination was corrected
76,Pump P-176,"A fault was detected on the pump p-176 because of an unbalanced rotating assembly. Abnormal friction under variable load, resulting in the machine tripped. Corrective work was completed: damaged gears were replaced.",Mechanical,Critical,damaged gears were replaced
589,Pneumatic Actuator PA-189,"Inspection found a blocked air passage on the pneumatic actuator pa-189; air leakage was audible at maximum air consumption, and operator intervention was required. Corrective work was completed: the moisture separator was serviced.",Pneumatic,Medium,the moisture separator was serviced
370,Drive Motor DM-220,"A fault was detected on the drive motor dm-220 because of a short circuit. Voltage became unstable after an overnight shutdown, resulting in production capacity was reduced. Corrective work was completed: insulation was repaired.",Electrical,Low,insulation was repaired
842,Cooling Unit CU-192,"A fault was detected on the cooling unit cu-192 because of insufficient heat dissipation. Heat transfer efficiency dropped during a routine temperature check, resulting in an automatic shutdown occurred. Corrective work was completed: coolant was replenished.",Thermal,High,coolant was replenished
507,Pneumatic Actuator PA-107,"Maintenance personnel reported the cylinder failed to complete its stroke on the pneumatic actuator pa-107 under continuous demand. Investigation identified a leaking hose, and the actuator stopped. Corrective work was completed: the pressure circuit was inspected.",Pneumatic,Critical,the pressure circuit was inspected
285,Generator GEN-135,"Maintenance personnel reported the unit failed to start on the generator gen-135 during routine testing. Investigation identified damaged motor winding, and the drive entered fault mode. Corrective work was completed: the overload was corrected.",Electrical,Critical,the overload was corrected
831,Thermal Reactor TR-181,"Inspection found insufficient heat dissipation on the thermal reactor tr-181; the chamber overheated during startup heating, and the unit was isolated for inspection. Corrective work was completed: the cooling passage was cleared.",Thermal,Medium,the cooling passage was cleared
11,Coupling CP-111,"Maintenance personnel reported belt tracking deviation on the coupling cp-111 under full load. Investigation identified roller damage, and output quality decreased. Corrective work was completed: lubrication was restored.",Mechanical,Critical,lubrication was restored
46,Gearbox GB-146,"The gearbox gb-146 developed a fault linked to excessive belt tension. Strong vibration after a long production cycle, so the equipment was isolated. Corrective work was completed: the shaft was realigned.",Mechanical,Critical,the shaft was realigned
713,Pneumatic Actuator PA-313,"Inspection found a blocked air passage on the pneumatic actuator pa-313; the actuator moved slowly during automatic operation, and the production cycle was delayed. Corrective work was completed: the leaking hose was replaced.",Pneumatic,Medium,the leaking hose was replaced
191,Gearbox GB-291,"Maintenance personnel reported unstable rotational speed on the gearbox gb-291 under variable load. Investigation identified roller damage, and throughput dropped. Corrective work was completed: the bearing was replaced.",Mechanical,Low,the bearing was replaced
555,Pneumatic Cylinder PC-155,"Maintenance personnel reported the pneumatic circuit became unstable on the pneumatic cylinder pc-155 at maximum air consumption. Investigation identified a defective control valve, and production efficiency decreased. Corrective work was completed: the leaking hose was replaced.",Pneumatic,High,the leaking hose was replaced
230,Coupling CP-330,"The coupling cp-330 developed a fault linked to gear tooth wear. Repeated mechanical impact under full load, so output quality decreased. Corrective work was completed: mounting hardware was tightened.",Mechanical,High,mounting hardware was tightened
184,Gearbox GB-284,"A fault was detected on the gearbox gb-284 because of a loose mounting bolt. Belt tracking deviation during inspection, resulting in the line operated at reduced speed. Corrective work was completed: the seal was renewed.",Mechanical,Medium,the seal was renewed
90,Mixer MX-190,"The mixer mx-190 developed a fault linked to excessive belt tension. Increased bearing temperature after a scheduled restart, so maintenance was requested. Corrective work was completed: mounting hardware was tightened.",Mechanical,Medium,mounting hardware was tightened
343,Control Panel CP-193,"Inspection found a failed contactor on the control panel cp-193; supply voltage dropped while accelerating, and the equipment remained unavailable. Corrective work was completed: the overload was corrected.",Electrical,High,the overload was corrected
234,Rotary Feeder RF-334,"The rotary feeder rf-334 developed a fault linked to a loose mounting bolt. Abnormal friction during peak production, so operator intervention was required. Corrective work was completed: the rotating assembly was balanced.",Mechanical,Low,the rotating assembly was balanced
689,Air Compressor AC-289,"Inspection found a loose pipe fitting on the air compressor ac-289; air leakage was audible under continuous demand, and the pneumatic system was isolated. Corrective work was completed: the pressure circuit was inspected.",Pneumatic,Low,the pressure circuit was inspected
559,Compressed-Air Line AL-159,"Maintenance personnel reported the pneumatic circuit became unstable on the compressed-air line al-159 while the compressor was loaded. Investigation identified a faulty pressure regulator, and the actuator stopped. Corrective work was completed: the pneumatic seal was renewed.",Pneumatic,Low,the pneumatic seal was renewed
911,Cooling Unit CU-261,"Inspection found a defective pressure valve on the cooling unit cu-261; thermal reading fluctuated during a routine temperature check, and operator intervention was required. Corrective work was completed: the cooling passage was cleared.",Thermal,Critical,the cooling passage was cleared
952,Oil Cooler OC-302,"The oil cooler oc-302 developed a fault linked to uneven heat distribution. Heat transfer efficiency dropped during extended operation, so an emergency alarm was triggered. Corrective work was completed: the pressure valve was inspected.",Thermal,Low,the pressure valve was inspected
761,Process Heater PH-111,"Maintenance personnel reported temperature rose above the permitted limit on the process heater ph-111 during peak production. Investigation identified a blocked cooling passage, and the line operated at reduced capacity. Corrective work was completed: heat distribution was recalibrated.",Thermal,Low,heat distribution was recalibrated
121,Gearbox GB-221,"Inspection found a worn bearing on the gearbox gb-221; belt tracking deviation under variable load, and the equipment was isolated. Corrective work was completed: the seal was renewed.",Mechanical,High,the seal was renewed
715,Pressure Regulator PR-315,"Maintenance personnel reported pressure could not be maintained on the pressure regulator pr-315 after filter replacement. Investigation identified moisture accumulation, and cycle time increased. Corrective work was completed: the leaking hose was replaced.",Pneumatic,Medium,the leaking hose was replaced
410,Distribution Board DB-260,"A fault was detected on the distribution board db-260 because of a loose terminal. Repeated electrical trips occurred while accelerating, resulting in production capacity was reduced. Corrective work was completed: the motor winding was inspected.",Electrical,Low,the motor winding was inspected
775,Thermal Reactor TR-125,"Inspection found restricted coolant flow on the thermal reactor tr-125; cooling performance deteriorated after a cooling-system restart, and the line operated at reduced capacity. Corrective work was completed: the cooling passage was cleared.",Thermal,Medium,the cooling passage was cleared
723,Pressure Regulator PR-323,"Maintenance personnel reported the compressor cycled frequently on the pressure regulator pr-323 when multiple actuators operated together. Investigation identified a cracked air line, and machine speed was reduced. Corrective work was completed: the pneumatic seal was renewed.",Pneumatic,Medium,the pneumatic seal was renewed
392,Electrical Cabinet EC-242,"The electrical cabinet ec-242 developed a fault linked to an overloaded circuit. Repeated electrical trips occurred after the equipment was restarted, so the equipment remained unavailable. Corrective work was completed: the cable termination was corrected.",Electrical,Medium,the cable termination was corrected
294,Starter ST-144,"A fault was detected on the starter st-144 because of voltage fluctuation. The unit failed to start while accelerating, resulting in production capacity was reduced. Corrective work was completed: the overload was corrected.",Electrical,Critical,the overload was corrected
949,Thermal Chamber TC-299,"Maintenance personnel reported pressure increased unexpectedly on the thermal chamber tc-299 while operating at high pressure. Investigation identified restricted coolant flow, and the process temperature became unstable. Corrective work was completed: fuel input was adjusted.",Thermal,High,fuel input was adjusted
944,Steam Generator SG-294,"The steam generator sg-294 developed a fault linked to insufficient heat dissipation. The unit could not maintain the set temperature after a cooling-system restart, so the equipment was taken offline. Corrective work was completed: heat distribution was recalibrated.",Thermal,High,heat distribution was recalibrated
148,Roller Assembly RA-248,"A fault was detected on the roller assembly ra-248 because of a loose mounting bolt. Uneven rotation after recent maintenance, resulting in the line operated at reduced speed. Corrective work was completed: mounting hardware was tightened.",Mechanical,Medium,mounting hardware was tightened
637,Air Receiver AR-237,"Inspection found excessive pressure loss on the air receiver ar-237; the pneumatic circuit became unstable during repeated actuator cycles, and machine speed was reduced. Corrective work was completed: the moisture separator was serviced.",Pneumatic,Low,the moisture separator was serviced
335,Power Supply PS-185,"Inspection found a failed contactor on the power supply ps-185; intermittent power loss occurred while accelerating, and the operator isolated the equipment. Corrective work was completed: the contactor was replaced.",Electrical,Critical,the contactor was replaced
897,Steam Generator SG-247,"Maintenance personnel reported cooling performance deteriorated on the steam generator sg-247 during startup heating. Investigation identified a blocked cooling passage, and the unit was isolated for inspection. Corrective work was completed: the cooling circuit was cleaned.",Thermal,Critical,the cooling circuit was cleaned
675,Pneumatic Actuator PA-275,"Maintenance personnel reported airflow became restricted on the pneumatic actuator pa-275 after filter replacement. Investigation identified a clogged air filter, and cycle time increased. Corrective work was completed: the regulator was recalibrated.",Pneumatic,Critical,the regulator was recalibrated
102,Agitator AG-202,"The agitator ag-202 developed a fault linked to shaft misalignment. Belt tracking deviation during inspection, so the line operated at reduced speed. Corrective work was completed: lubrication was restored.",Mechanical,High,lubrication was restored
418,Variable Frequency Drive VFD-268,"A fault was detected on the variable frequency drive vfd-268 because of voltage fluctuation. The equipment shut down unexpectedly after an overnight shutdown, resulting in the line lost power. Corrective work was completed: the voltage supply was stabilized.",Electrical,High,the voltage supply was stabilized
606,Pneumatic Actuator PA-206,"The pneumatic actuator pa-206 developed a fault linked to a damaged pneumatic seal. Air leakage was audible under continuous demand, so the production line paused. Corrective work was completed: the pneumatic seal was renewed.",Pneumatic,High,the pneumatic seal was renewed
962,Oil Cooler OC-312,"A fault was detected on the oil cooler oc-312 because of restricted coolant flow. Temperature rose above the permitted limit during continuous heating, resulting in operator intervention was required. Corrective work was completed: the temperature sensor was replaced.",Thermal,High,the temperature sensor was replaced
763,Thermal Chamber TC-113,"Inspection found poor thermal insulation on the thermal chamber tc-113; the chamber overheated during a routine temperature check, and operator intervention was required. Corrective work was completed: the thermostat was replaced.",Thermal,Low,the thermostat was replaced
699,Air Filter Unit AF-299,"Maintenance personnel reported the cylinder failed to complete its stroke on the air filter unit af-299 during a pressure test. Investigation identified a faulty pressure regulator, and the actuator stopped. Corrective work was completed: the regulator was recalibrated.",Pneumatic,Medium,the regulator was recalibrated
258,Drive Motor DM-108,"A fault was detected on the drive motor dm-108 because of a failed contactor. Repeated electrical trips occurred after an overnight shutdown, resulting in an emergency stop was initiated. Corrective work was completed: the voltage supply was stabilized.",Electrical,Low,the voltage supply was stabilized
850,Cooling Unit CU-200,"A fault was detected on the cooling unit cu-200 because of a defective pressure valve. Pressure increased unexpectedly during extended operation, resulting in an emergency alarm was triggered. Corrective work was completed: the temperature sensor was replaced.",Thermal,High,the temperature sensor was replaced
327,Power Supply PS-177,"Inspection found a short circuit on the power supply ps-177; repeated electrical trips occurred after an overnight shutdown, and the drive entered fault mode. Corrective work was completed: the contactor was replaced.",Electrical,Critical,the contactor was replaced
322,Starter ST-172,"A fault was detected on the starter st-172 because of poor cable termination. The unit failed to start while accelerating, resulting in the motor tripped. Corrective work was completed: the contactor was replaced.",Electrical,Critical,the contactor was replaced
442,Drive Motor DM-292,"A fault was detected on the drive motor dm-292 because of damaged motor winding. Motor temperature rose sharply during startup, resulting in the drive entered fault mode. Corrective work was completed: the cable termination was corrected.",Electrical,Low,the cable termination was corrected
688,Air Receiver AR-288,"A fault was detected on the air receiver ar-288 because of a defective control valve. Pressure could not be maintained during the morning shift, resulting in operator intervention was required. Corrective work was completed: the regulator was recalibrated.",Pneumatic,Critical,the regulator was recalibrated
136,Pump P-236,"A fault was detected on the pump p-236 because of seal deterioration. Increased bearing temperature under variable load, resulting in the machine tripped. Corrective work was completed: lubrication was restored.",Mechanical,Critical,lubrication was restored
438,Drive Motor DM-288,"A fault was detected on the drive motor dm-288 because of a short circuit. Supply voltage dropped during startup, resulting in the motor tripped. Corrective work was completed: the terminal was tightened.",Electrical,Low,the terminal was tightened
564,Air Manifold AM-164,"A fault was detected on the air manifold am-164 because of a clogged air filter. Pressure fluctuated during operation during automatic operation, resulting in production efficiency decreased. Corrective work was completed: the moisture separator was serviced.",Pneumatic,Low,the moisture separator was serviced
245,Mixer MX-345,"Inspection found a loose mounting bolt on the mixer mx-345; strong vibration during continuous operation, and operator intervention was required. Corrective work was completed: the rollers were replaced.",Mechanical,Low,the rollers were replaced
543,Pneumatic Valve PV-143,"Maintenance personnel reported pressure fluctuated during operation on the pneumatic valve pv-143 under continuous demand. Investigation identified a blocked air passage, and cycle time increased. Corrective work was completed: the regulator was recalibrated.",Pneumatic,Critical,the regulator was recalibrated
685,Pneumatic Valve PV-285,"Inspection found a faulty pressure regulator on the pneumatic valve pv-285; the pneumatic circuit became unstable during the morning shift, and production efficiency decreased. Corrective work was completed: the pneumatic seal was renewed.",Pneumatic,Medium,the pneumatic seal was renewed
198,Gearbox GB-298,"The gearbox gb-298 developed a fault linked to an unbalanced rotating assembly. Shaft oscillation after a long production cycle, so output quality decreased. Corrective work was completed: the bearing was replaced.",Mechanical,Critical,the bearing was replaced
593,Air Filter Unit AF-193,"Inspection found a faulty pressure regulator on the air filter unit af-193; pressure fluctuated during operation during repeated actuator cycles, and cycle time increased. Corrective work was completed: the air filter was changed.",Pneumatic,Critical,the air filter was changed
398,Control Panel CP-248,"A fault was detected on the control panel cp-248 because of a defective relay. The equipment shut down unexpectedly after a power fluctuation, resulting in the machine could not continue operation. Corrective work was completed: the contactor was replaced.",Electrical,Medium,the contactor was replaced
306,Electrical Cabinet EC-156,"A fault was detected on the electrical cabinet ec-156 because of a failed contactor. The unit failed to start after an overnight shutdown, resulting in the unit required electrical inspection. Corrective work was completed: the cable termination was corrected.",Electrical,Critical,the cable termination was corrected
516,Pneumatic Cylinder PC-116,"A fault was detected on the pneumatic cylinder pc-116 because of a leaking hose. The pneumatic circuit became unstable during the morning shift, resulting in the production line paused. Corrective work was completed: the leaking hose was replaced.",Pneumatic,Critical,the leaking hose was replaced
388,Variable Frequency Drive VFD-238,"The variable frequency drive vfd-238 developed a fault linked to poor cable termination. Intermittent power loss occurred during continuous operation, so the drive entered fault mode. Corrective work was completed: the cable termination was corrected.",Electrical,Low,the cable termination was corrected
520,Pneumatic Cylinder PC-120,"A fault was detected on the pneumatic cylinder pc-120 because of a clogged air filter. Pressure could not be maintained under continuous demand, resulting in production efficiency decreased. Corrective work was completed: the control valve was replaced.",Pneumatic,Critical,the control valve was replaced
889,Oil Cooler OC-239,"Maintenance personnel reported temperature rose above the permitted limit on the oil cooler oc-239 while operating at high pressure. Investigation identified a faulty temperature sensor, and the equipment was taken offline. Corrective work was completed: thermal insulation was repaired.",Thermal,Medium,thermal insulation was repaired
730,Pneumatic Valve PV-330,"The pneumatic valve pv-330 developed a fault linked to a faulty pressure regulator. The cylinder failed to complete its stroke when multiple actuators operated together, so production efficiency decreased. Corrective work was completed: the pipe fitting was tightened.",Pneumatic,High,the pipe fitting was tightened
6,Conveyor CV-106,"The conveyor cv-106 developed a fault linked to shaft misalignment. Abnormal friction after recent maintenance, so the machine tripped. Corrective work was completed: the shaft was realigned.",Mechanical,High,the shaft was realigned
348,Power Supply PS-198,"The power supply ps-198 developed a fault linked to an overheated electrical connection. The unit failed to start after an overnight shutdown, so the drive entered fault mode. Corrective work was completed: the cable termination was corrected.",Electrical,Low,the cable termination was corrected
454,Electrical Cabinet EC-304,"A fault was detected on the electrical cabinet ec-304 because of an overheated electrical connection. Supply voltage dropped during production changeover, resulting in the machine could not continue operation. Corrective work was completed: the relay was replaced.",Electrical,Critical,the relay was replaced
501,Air Compressor AC-101,"Inspection found a defective control valve on the air compressor ac-101; pressure could not be maintained while the compressor was loaded, and the production cycle was delayed. Corrective work was completed: the leaking hose was replaced.",Pneumatic,Low,the leaking hose was replaced
222,Roller Assembly RA-322,"The roller assembly ra-322 developed a fault linked to shaft misalignment. Shaft oscillation under variable load, so production was stopped. Corrective work was completed: mounting hardware was tightened.",Mechanical,Critical,mounting hardware was tightened
601,Air Manifold AM-201,"Inspection found a leaking hose on the air manifold am-201; the pneumatic circuit became unstable during a pressure test, and the unit entered a low-pressure condition. Corrective work was completed: the pressure circuit was inspected.",Pneumatic,Medium,the pressure circuit was inspected
26,Agitator AG-126,"The agitator ag-126 developed a fault linked to an unbalanced rotating assembly. Repeated mechanical impact after recent maintenance, so the unit was taken offline. Corrective work was completed: the bearing was replaced.",Mechanical,High,the bearing was replaced
633,Pneumatic Valve PV-233,"Inspection found a cracked air line on the pneumatic valve pv-233; airflow became restricted during the morning shift, and the unit entered a low-pressure condition. Corrective work was completed: the moisture separator was serviced.",Pneumatic,Medium,the moisture separator was serviced
358,Starter ST-208,"A fault was detected on the starter st-208 because of insulation breakdown. Repeated electrical trips occurred after an overnight shutdown, resulting in the motor tripped. Corrective work was completed: insulation was repaired.",Electrical,Critical,insulation was repaired
70,Agitator AG-170,"The agitator ag-170 developed a fault linked to gear tooth wear. Shaft oscillation after a long production cycle, so production was stopped. Corrective work was completed: lubrication was restored.",Mechanical,High,lubrication was restored
145,Agitator AG-245,"Inspection found seal deterioration on the agitator ag-245; uneven rotation under variable load, and the line operated at reduced speed. Corrective work was completed: the rotating assembly was balanced.",Mechanical,Medium,the rotating assembly was balanced
894,Process Heater PH-244,"A fault was detected on the process heater ph-244 because of poor thermal insulation. The chamber overheated while operating at high pressure, resulting in an automatic shutdown occurred. Corrective work was completed: fuel input was adjusted.",Thermal,Medium,fuel input was adjusted
386,Servo Motor SM-236,"A fault was detected on the servo motor sm-236 because of a short circuit. Supply voltage dropped during production changeover, resulting in the unit required electrical inspection. Corrective work was completed: the overload was corrected.",Electrical,Medium,the overload was corrected
18,Pump P-118,"The pump p-118 developed a fault linked to gear tooth wear. Increased bearing temperature after a long production cycle, so the component required immediate attention. Corrective work was completed: damaged gears were replaced.",Mechanical,Medium,damaged gears were replaced
139,Rotary Feeder RF-239,"Maintenance personnel reported abnormal friction on the rotary feeder rf-239 after recent maintenance. Investigation identified roller damage, and the equipment was isolated. Corrective work was completed: the seal was renewed.",Mechanical,Medium,the seal was renewed
87,Gearbox GB-187,"Maintenance personnel reported intermittent knocking on the gearbox gb-187 after a long production cycle. Investigation identified gear tooth wear, and the equipment was isolated. Corrective work was completed: the coupling was changed.",Mechanical,Low,the coupling was changed
574,Air Manifold AM-174,"The air manifold am-174 developed a fault linked to a loose pipe fitting. System pressure fell below the target when multiple actuators operated together, so the equipment was taken offline. Corrective work was completed: the cracked air line was repaired.",Pneumatic,High,the cracked air line was repaired
997,Steam Generator SG-347,"Maintenance personnel reported the chamber overheated on the steam generator sg-347 during extended operation. Investigation identified uneven heat distribution, and the process temperature became unstable. Corrective work was completed: heat dissipation was restored.",Thermal,Critical,heat dissipation was restored
56,Gearbox GB-156,"A fault was detected on the gearbox gb-156 because of excessive belt tension. Uneven rotation during peak production, resulting in the machine tripped. Corrective work was completed: damaged gears were replaced.",Mechanical,Medium,damaged gears were replaced
603,Air Filter Unit AF-203,"Maintenance personnel reported pressure fluctuated during operation on the air filter unit af-203 after filter replacement. Investigation identified a loose pipe fitting, and machine speed was reduced. Corrective work was completed: the pressure circuit was inspected.",Pneumatic,Medium,the pressure circuit was inspected
368,Distribution Board DB-218,"The distribution board db-218 developed a fault linked to poor cable termination. Sparking was observed during continuous operation, so production stopped. Corrective work was completed: the terminal was tightened.",Electrical,High,the terminal was tightened
920,Thermal Reactor TR-270,"The thermal reactor tr-270 developed a fault linked to a blocked cooling passage. Heat transfer efficiency dropped during extended operation, so production was interrupted. Corrective work was completed: the pressure valve was inspected.",Thermal,High,the pressure valve was inspected
286,Servo Motor SM-136,"A fault was detected on the servo motor sm-136 because of a failed contactor. Current exceeded its normal range during continuous operation, resulting in production capacity was reduced. Corrective work was completed: the overload was corrected.",Electrical,Medium,the overload was corrected
725,Air Receiver AR-325,"Inspection found a cracked air line on the air receiver ar-325; pressure fluctuated during operation after a maintenance restart, and machine speed was reduced. Corrective work was completed: the air filter was changed.",Pneumatic,Low,the air filter was changed
447,Drive Motor DM-297,"Inspection found insulation breakdown on the drive motor dm-297; the drive reported an overload while accelerating, and the machine could not continue operation. Corrective work was completed: insulation was repaired.",Electrical,Medium,insulation was repaired
941,Thermal Reactor TR-291,"Maintenance personnel reported cooling performance deteriorated on the thermal reactor tr-291 during a routine temperature check. Investigation identified a faulty temperature sensor, and an automatic shutdown occurred. Corrective work was completed: the thermostat was replaced.",Thermal,Critical,the thermostat was replaced
178,Shaft Assembly SA-278,"The shaft assembly sa-278 developed a fault linked to excessive belt tension. Abnormal friction after a scheduled restart, so maintenance was requested. Corrective work was completed: lubrication was restored.",Mechanical,Medium,lubrication was restored
704,Pneumatic Valve PV-304,"A fault was detected on the pneumatic valve pv-304 because of a cracked air line. Air leakage was audible under continuous demand, resulting in cycle time increased. Corrective work was completed: the cracked air line was repaired.",Pneumatic,Low,the cracked air line was repaired
898,Thermal Reactor TR-248,"A fault was detected on the thermal reactor tr-248 because of restricted coolant flow. The chamber overheated after a cooling-system restart, resulting in the equipment entered protection mode. Corrective work was completed: the cooling circuit was cleaned.",Thermal,Low,the cooling circuit was cleaned
639,Pressure Regulator PR-239,"Maintenance personnel reported air leakage was audible on the pressure regulator pr-239 during the morning shift. Investigation identified a clogged air filter, and machine speed was reduced. Corrective work was completed: the pneumatic seal was renewed.",Pneumatic,Medium,the pneumatic seal was renewed
214,Coupling CP-314,"The coupling cp-314 developed a fault linked to gear tooth wear. Uneven rotation during startup, so operator intervention was required. Corrective work was completed: the shaft was realigned.",Mechanical,High,the shaft was realigned
100,Agitator AG-200,"A fault was detected on the agitator ag-200 because of a loose mounting bolt. Increased mechanical noise after a scheduled restart, resulting in production was stopped. Corrective work was completed: damaged gears were replaced.",Mechanical,Low,damaged gears were replaced
908,Industrial Furnace F-258,"The industrial furnace f-258 developed a fault linked to uneven heat distribution. Temperature rose above the permitted limit after a cooling-system restart, so the process was paused. Corrective work was completed: the cooling circuit was cleaned.",Thermal,High,the cooling circuit was cleaned
968,Industrial Furnace F-318,"The industrial furnace f-318 developed a fault linked to a blocked cooling passage. Thermal reading fluctuated during startup heating, so the equipment was taken offline. Corrective work was completed: heat dissipation was restored.",Thermal,High,heat dissipation was restored
196,Fan F-296,"A fault was detected on the fan f-296 because of shaft misalignment. Abnormal friction during continuous operation, resulting in the machine tripped. Corrective work was completed: the bearing was replaced.",Mechanical,High,the bearing was replaced
130,Shaft Assembly SA-230,"The shaft assembly sa-230 developed a fault linked to roller damage. Repeated mechanical impact during inspection, so production was stopped. Corrective work was completed: the rotating assembly was balanced.",Mechanical,Medium,the rotating assembly was balanced
323,Motor M-173,"Inspection found damaged motor winding on the motor m-173; voltage became unstable during routine testing, and the equipment remained unavailable. Corrective work was completed: insulation was repaired.",Electrical,Low,insulation was repaired
64,Mixer MX-164,"A fault was detected on the mixer mx-164 because of a worn bearing. Repeated mechanical impact after a long production cycle, resulting in the unit was taken offline. Corrective work was completed: lubrication was restored.",Mechanical,Critical,lubrication was restored
681,Pneumatic Cylinder PC-281,"Inspection found a cracked air line on the pneumatic cylinder pc-281; the cylinder failed to complete its stroke during repeated actuator cycles, and production efficiency decreased. Corrective work was completed: the cracked air line was repaired.",Pneumatic,Low,the cracked air line was repaired
843,Steam Generator SG-193,"Inspection found a malfunctioning thermostat on the steam generator sg-193; surface temperature became excessive during continuous heating, and an emergency alarm was triggered. Corrective work was completed: the cooling circuit was cleaned.",Thermal,Medium,the cooling circuit was cleaned
591,Compressed-Air Line AL-191,"Maintenance personnel reported airflow became restricted on the compressed-air line al-191 under continuous demand. Investigation identified a loose pipe fitting, and the actuator stopped. Corrective work was completed: the regulator was recalibrated.",Pneumatic,Low,the regulator was recalibrated
231,Pump P-331,"Maintenance personnel reported repeated mechanical impact on the pump p-331 under full load. Investigation identified shaft misalignment, and the unit was taken offline. Corrective work was completed: the rollers were replaced.",Mechanical,High,the rollers were replaced
876,Cooling Unit CU-226,"The cooling unit cu-226 developed a fault linked to low coolant level. Pressure increased unexpectedly after a long operating cycle, so operator intervention was required. Corrective work was completed: the cooling circuit was cleaned.",Thermal,Low,the cooling circuit was cleaned
687,Pneumatic Valve PV-287,"Maintenance personnel reported the actuator moved slowly on the pneumatic valve pv-287 during automatic operation. Investigation identified a cracked air line, and the production cycle was delayed. Corrective work was completed: the regulator was recalibrated.",Pneumatic,Critical,the regulator was recalibrated
272,Drive Motor DM-122,"The drive motor dm-122 developed a fault linked to an overheated electrical connection. The equipment shut down unexpectedly after an overnight shutdown, so the line lost power. Corrective work was completed: the overload was corrected.",Electrical,High,the overload was corrected
877,Industrial Furnace F-227,"Maintenance personnel reported steam temperature exceeded the target on the industrial furnace f-227 during extended operation. Investigation identified insufficient heat dissipation, and production was interrupted. Corrective work was completed: coolant was replenished.",Thermal,Critical,coolant was replenished
142,Agitator AG-242,"The agitator ag-242 developed a fault linked to a worn bearing. Strong vibration during startup, so the component required immediate attention. Corrective work was completed: the coupling was changed.",Mechanical,High,the coupling was changed
232,Pump P-332,"A fault was detected on the pump p-332 because of shaft misalignment. Increased bearing temperature after a scheduled restart, resulting in the component required immediate attention. Corrective work was completed: the rollers were replaced.",Mechanical,Critical,the rollers were replaced
302,Generator GEN-152,"A fault was detected on the generator gen-152 because of poor cable termination. The unit failed to start after an overnight shutdown, resulting in the machine could not continue operation. Corrective work was completed: insulation was repaired.",Electrical,Low,insulation was repaired
740,Pneumatic Valve PV-340,"A fault was detected on the pneumatic valve pv-340 because of a leaking hose. The pneumatic circuit became unstable during the morning shift, resulting in the actuator stopped. Corrective work was completed: the pneumatic seal was renewed.",Pneumatic,Low,the pneumatic seal was renewed
605,Pneumatic Cylinder PC-205,"Inspection found excessive pressure loss on the pneumatic cylinder pc-205; airflow became restricted under continuous demand, and production efficiency decreased. Corrective work was completed: the pipe fitting was tightened.",Pneumatic,Low,the pipe fitting was tightened
987,Industrial Furnace F-337,"Inspection found insufficient heat dissipation on the industrial furnace f-337; thermal reading fluctuated during peak production, and the line operated at reduced capacity. Corrective work was completed: fuel input was adjusted.",Thermal,Medium,fuel input was adjusted
360,Variable Frequency Drive VFD-210,"The variable frequency drive vfd-210 developed a fault linked to a defective relay. Voltage became unstable under maximum load, so production capacity was reduced. Corrective work was completed: insulation was repaired.",Electrical,Low,insulation was repaired
940,Oil Cooler OC-290,"The oil cooler oc-290 developed a fault linked to uneven heat distribution. Temperature rose above the permitted limit during peak production, so the equipment was taken offline. Corrective work was completed: the temperature sensor was replaced.",Thermal,Low,the temperature sensor was replaced
924,Heat Exchanger HX-274,"The heat exchanger hx-274 developed a fault linked to uneven heat distribution. Thermal reading fluctuated during peak production, so the equipment was taken offline. Corrective work was completed: coolant was replenished.",Thermal,Critical,coolant was replenished
433,Starter ST-283,"Maintenance personnel reported repeated electrical trips occurred on the starter st-283 during continuous operation. Investigation identified a defective relay, and the operator isolated the equipment. Corrective work was completed: the voltage supply was stabilized.",Electrical,High,the voltage supply was stabilized
5,Rotary Feeder RF-105,"Inspection found gear tooth wear on the rotary feeder rf-105; repeated mechanical impact after a long production cycle, and the component required immediate attention. Corrective work was completed: the rollers were replaced.",Mechanical,Critical,the rollers were replaced
119,Agitator AG-219,"Maintenance personnel reported intermittent knocking on the agitator ag-219 after a scheduled restart. Investigation identified excessive belt tension, and the equipment was isolated. Corrective work was completed: the bearing was replaced.",Mechanical,Critical,the bearing was replaced
839,Industrial Furnace F-189,"Inspection found a faulty temperature sensor on the industrial furnace f-189; pressure increased unexpectedly after a cooling-system restart, and the equipment was taken offline. Corrective work was completed: the pressure valve was inspected.",Thermal,Medium,the pressure valve was inspected
330,Servo Motor SM-180,"A fault was detected on the servo motor sm-180 because of voltage fluctuation. Repeated electrical trips occurred after the equipment was restarted, resulting in the drive entered fault mode. Corrective work was completed: insulation was repaired.",Electrical,Medium,insulation was repaired
864,Industrial Furnace F-214,"The industrial furnace f-214 developed a fault linked to uneven heat distribution. Pressure increased unexpectedly after a long operating cycle, so the process temperature became unstable. Corrective work was completed: the cooling passage was cleared.",Thermal,High,the cooling passage was cleared
363,Drive Motor DM-213,"Inspection found voltage fluctuation on the drive motor dm-213; current exceeded its normal range at peak operating speed, and the operator isolated the equipment. Corrective work was completed: the contactor was replaced.",Electrical,Medium,the contactor was replaced
131,Roller Assembly RA-231,"Maintenance personnel reported strong vibration on the roller assembly ra-231 under variable load. Investigation identified shaft misalignment, and the component required immediate attention. Corrective work was completed: the coupling was changed.",Mechanical,Low,the coupling was changed
855,Process Heater PH-205,"Inspection found low coolant level on the process heater ph-205; pressure increased unexpectedly during a routine temperature check, and the process was paused. Corrective work was completed: coolant was replenished.",Thermal,High,coolant was replenished
66,Conveyor CV-166,"The conveyor cv-166 developed a fault linked to a loose mounting bolt. Uneven rotation during continuous operation, so output quality decreased. Corrective work was completed: the seal was renewed.",Mechanical,High,the seal was renewed
375,Servo Motor SM-225,"Inspection found voltage fluctuation on the servo motor sm-225; the drive reported an overload during continuous operation, and the unit required electrical inspection. Corrective work was completed: the voltage supply was stabilized.",Electrical,High,the voltage supply was stabilized
523,Compressed-Air Line AL-123,"Maintenance personnel reported the valve responded slowly on the compressed-air line al-123 after filter replacement. Investigation identified a clogged air filter, and operator intervention was required. Corrective work was completed: the pressure circuit was inspected.",Pneumatic,Low,the pressure circuit was inspected
863,Thermal Reactor TR-213,"Inspection found a faulty temperature sensor on the thermal reactor tr-213; thermal reading fluctuated after a long operating cycle, and an automatic shutdown occurred. Corrective work was completed: thermal insulation was repaired.",Thermal,Medium,thermal insulation was repaired
264,Servo Motor SM-114,"The servo motor sm-114 developed a fault linked to damaged motor winding. Voltage became unstable during production changeover, so the operator isolated the equipment. Corrective work was completed: the cable termination was corrected.",Electrical,Critical,the cable termination was corrected
451,Generator GEN-301,"Inspection found a short circuit on the generator gen-301; the drive reported an overload at peak operating speed, and production capacity was reduced. Corrective work was completed: the cable termination was corrected.",Electrical,Medium,the cable termination was corrected
611,Air Manifold AM-211,"Maintenance personnel reported pressure could not be maintained on the air manifold am-211 after a maintenance restart. Investigation identified a blocked air passage, and machine speed was reduced. Corrective work was completed: the leaking hose was replaced.",Pneumatic,Critical,the leaking hose was replaced
16,Rotary Feeder RF-116,"A fault was detected on the rotary feeder rf-116 because of a loose mounting bolt. Increased bearing temperature under variable load, resulting in output quality decreased. Corrective work was completed: damaged gears were replaced.",Mechanical,High,damaged gears were replaced
538,Air Manifold AM-138,"The air manifold am-138 developed a fault linked to a faulty pressure regulator. The pneumatic circuit became unstable after a maintenance restart, so production efficiency decreased. Corrective work was completed: the cracked air line was repaired.",Pneumatic,High,the cracked air line was repaired
793,Thermal Chamber TC-143,"Maintenance personnel reported temperature rose above the permitted limit on the thermal chamber tc-143 while processing a high-temperature batch. Investigation identified uneven heat distribution, and the unit was isolated for inspection. Corrective work was completed: coolant was replenished.",Thermal,High,coolant was replenished
40,Rotary Feeder RF-140,"A fault was detected on the rotary feeder rf-140 because of a cracked coupling. Unstable rotational speed after a scheduled restart, resulting in throughput dropped. Corrective work was completed: the shaft was realigned.",Mechanical,High,the shaft was realigned
500,Distribution Board DB-350,"The distribution board db-350 developed a fault linked to a loose terminal. The equipment shut down unexpectedly during continuous operation, so the operator isolated the equipment. Corrective work was completed: insulation was repaired.",Electrical,High,insulation was repaired
833,Industrial Furnace F-183,"Maintenance personnel reported temperature rose above the permitted limit on the industrial furnace f-183 during a routine temperature check. Investigation identified a blocked cooling passage, and an automatic shutdown occurred. Corrective work was completed: the temperature sensor was replaced.",Thermal,Critical,the temperature sensor was replaced
80,Conveyor CV-180,"A fault was detected on the conveyor cv-180 because of a cracked coupling. Strong vibration under full load, resulting in the line operated at reduced speed. Corrective work was completed: the seal was renewed.",Mechanical,Low,the seal was renewed
288,Drive Motor DM-138,"The drive motor dm-138 developed a fault linked to a loose terminal. Repeated electrical trips occurred after the equipment was restarted, so production stopped. Corrective work was completed: the cable termination was corrected.",Electrical,High,the cable termination was corrected
679,Air Receiver AR-279,"Maintenance personnel reported the pneumatic circuit became unstable on the air receiver ar-279 during automatic operation. Investigation identified a damaged pneumatic seal, and operator intervention was required. Corrective work was completed: the regulator was recalibrated.",Pneumatic,High,the regulator was recalibrated
97,Agitator AG-197,"Inspection found a loose mounting bolt on the agitator ag-197; increased bearing temperature under variable load, and the component required immediate attention. Corrective work was completed: the seal was renewed.",Mechanical,Medium,the seal was renewed
716,Air Compressor AC-316,"A fault was detected on the air compressor ac-316 because of a blocked air passage. The cylinder failed to complete its stroke during the morning shift, resulting in the unit entered a low-pressure condition. Corrective work was completed: the air filter was changed.",Pneumatic,Critical,the air filter was changed
975,Boiler B-325,"Inspection found a malfunctioning thermostat on the boiler b-325; surface temperature became excessive during peak production, and an emergency alarm was triggered. Corrective work was completed: the cooling passage was cleared.",Thermal,Low,the cooling passage was cleared
613,Pneumatic Valve PV-213,"Inspection found a loose pipe fitting on the pneumatic valve pv-213; system pressure fell below the target during repeated actuator cycles, and the pneumatic system was isolated. Corrective work was completed: the leaking hose was replaced.",Pneumatic,Medium,the leaking hose was replaced
745,Air Filter Unit AF-345,"Inspection found a loose pipe fitting on the air filter unit af-345; system pressure fell below the target during the morning shift, and machine speed was reduced. Corrective work was completed: the cracked air line was repaired.",Pneumatic,Critical,the cracked air line was repaired
758,Thermal Chamber TC-108,"A fault was detected on the thermal chamber tc-108 because of a defective pressure valve. Surface temperature became excessive during extended operation, resulting in production was interrupted. Corrective work was completed: the temperature sensor was replaced.",Thermal,Critical,the temperature sensor was replaced
279,Servo Motor SM-129,"Inspection found damaged motor winding on the servo motor sm-129; intermittent power loss occurred while accelerating, and the motor tripped. Corrective work was completed: the relay was replaced.",Electrical,High,the relay was replaced
568,Air Compressor AC-168,"A fault was detected on the air compressor ac-168 because of a damaged pneumatic seal. Air leakage was audible after filter replacement, resulting in the production line paused. Corrective work was completed: the cracked air line was repaired.",Pneumatic,Critical,the cracked air line was repaired
902,Boiler B-252,"A fault was detected on the boiler b-252 because of a malfunctioning thermostat. Temperature rose above the permitted limit during extended operation, resulting in the process was paused. Corrective work was completed: thermal insulation was repaired.",Thermal,Critical,thermal insulation was repaired
743,Air Filter Unit AF-343,"Maintenance personnel reported air leakage was audible on the air filter unit af-343 during automatic operation. Investigation identified excessive pressure loss, and the pneumatic system was isolated. Corrective work was completed: the pipe fitting was tightened.",Pneumatic,Medium,the pipe fitting was tightened
903,Oil Cooler OC-253,"Inspection found excessive fuel input on the oil cooler oc-253; temperature rose above the permitted limit during extended operation, and an automatic shutdown occurred. Corrective work was completed: thermal insulation was repaired.",Thermal,Critical,thermal insulation was repaired
582,Air Manifold AM-182,"The air manifold am-182 developed a fault linked to a defective control valve. System pressure fell below the target after a maintenance restart, so cycle time increased. Corrective work was completed: the pipe fitting was tightened.",Pneumatic,High,the pipe fitting was tightened
349,Generator GEN-199,"Maintenance personnel reported the equipment shut down unexpectedly on the generator gen-199 during production changeover. Investigation identified an overheated electrical connection, and the line lost power. Corrective work was completed: the voltage supply was stabilized.",Electrical,Critical,the voltage supply was stabilized
706,Pressure Regulator PR-306,"The pressure regulator pr-306 developed a fault linked to a cracked air line. The compressor cycled frequently under continuous demand, so machine speed was reduced. Corrective work was completed: the air filter was changed.",Pneumatic,Low,the air filter was changed
998,Thermal Reactor TR-348,"A fault was detected on the thermal reactor tr-348 because of low coolant level. The chamber overheated while processing a high-temperature batch, resulting in the process temperature became unstable. Corrective work was completed: the temperature sensor was replaced.",Thermal,Low,the temperature sensor was replaced
472,Motor M-322,"The motor m-322 developed a fault linked to poor cable termination. The unit failed to start during startup, so the drive entered fault mode. Corrective work was completed: the relay was replaced.",Electrical,Medium,the relay was replaced
275,Starter ST-125,"Inspection found poor cable termination on the starter st-125; the drive reported an overload while accelerating, and the equipment remained unavailable. Corrective work was completed: the terminal was tightened.",Electrical,Low,the terminal was tightened
384,Generator GEN-234,"The generator gen-234 developed a fault linked to a loose terminal. Supply voltage dropped during routine testing, so production stopped. Corrective work was completed: the damaged cable was repaired.",Electrical,High,the damaged cable was repaired
25,Rotary Feeder RF-125,"Inspection found gear tooth wear on the rotary feeder rf-125; uneven rotation after a scheduled restart, and production was stopped. Corrective work was completed: the shaft was realigned.",Mechanical,Critical,the shaft was realigned
896,Industrial Furnace F-246,"The industrial furnace f-246 developed a fault linked to a defective pressure valve. Thermal reading fluctuated after a long operating cycle, so the unit was isolated for inspection. Corrective work was completed: the thermostat was replaced.",Thermal,High,the thermostat was replaced
596,Pneumatic Actuator PA-196,"A fault was detected on the pneumatic actuator pa-196 because of a loose pipe fitting. Pressure could not be maintained when multiple actuators operated together, resulting in the production cycle was delayed. Corrective work was completed: the air filter was changed.",Pneumatic,Low,the air filter was changed
580,Air Manifold AM-180,"A fault was detected on the air manifold am-180 because of moisture accumulation. Pressure could not be maintained under continuous demand, resulting in the unit entered a low-pressure condition. Corrective work was completed: the regulator was recalibrated.",Pneumatic,Low,the regulator was recalibrated
107,Rotary Feeder RF-207,"Maintenance personnel reported strong vibration on the rotary feeder rf-207 after a long production cycle. Investigation identified gear tooth wear, and output quality decreased. Corrective work was completed: the bearing was replaced.",Mechanical,Medium,the bearing was replaced
243,Fan F-343,"Maintenance personnel reported uneven rotation on the fan f-343 during startup. Investigation identified a loose mounting bolt, and throughput dropped. Corrective work was completed: the seal was renewed.",Mechanical,Medium,the seal was renewed
702,Pneumatic Cylinder PC-302,"The pneumatic cylinder pc-302 developed a fault linked to a damaged pneumatic seal. Pressure fluctuated during operation under continuous demand, so the pneumatic system was isolated. Corrective work was completed: the control valve was replaced.",Pneumatic,Medium,the control valve was replaced
671,Air Manifold AM-271,"Maintenance personnel reported system pressure fell below the target on the air manifold am-271 under continuous demand. Investigation identified a blocked air passage, and cycle time increased. Corrective work was completed: the cracked air line was repaired.",Pneumatic,Critical,the cracked air line was repaired
836,Thermal Reactor TR-186,"The thermal reactor tr-186 developed a fault linked to excessive fuel input. Surface temperature became excessive during extended operation, so the equipment was taken offline. Corrective work was completed: thermal insulation was repaired.",Thermal,High,thermal insulation was repaired
927,Process Heater PH-277,"Inspection found poor thermal insulation on the process heater ph-277; the unit could not maintain the set temperature while processing a high-temperature batch, and the process was paused. Corrective work was completed: the thermostat was replaced.",Thermal,High,the thermostat was replaced
519,Pneumatic Valve PV-119,"Maintenance personnel reported airflow became restricted on the pneumatic valve pv-119 under continuous demand. Investigation identified a defective control valve, and the unit entered a low-pressure condition. Corrective work was completed: the regulator was recalibrated.",Pneumatic,Critical,the regulator was recalibrated
957,Cooling Unit CU-307,"Maintenance personnel reported oil temperature increased rapidly on the cooling unit cu-307 while processing a high-temperature batch. Investigation identified a blocked cooling passage, and an automatic shutdown occurred. Corrective work was completed: coolant was replenished.",Thermal,Medium,coolant was replenished
160,Fan F-260,"A fault was detected on the fan f-260 because of a worn bearing. Abnormal friction after recent maintenance, resulting in the component required immediate attention. Corrective work was completed: the coupling was changed.",Mechanical,High,the coupling was changed
697,Pneumatic Actuator PA-297,"Inspection found a loose pipe fitting on the pneumatic actuator pa-297; the valve responded slowly after filter replacement, and the production line paused. Corrective work was completed: the pipe fitting was tightened.",Pneumatic,Medium,the pipe fitting was tightened
189,Pump P-289,"Inspection found a loose mounting bolt on the pump p-289; increased bearing temperature during inspection, and maintenance was requested. Corrective work was completed: the rollers were replaced.",Mechanical,Low,the rollers were replaced
539,Air Receiver AR-139,"Maintenance personnel reported the valve responded slowly on the air receiver ar-139 when multiple actuators operated together. Investigation identified excessive pressure loss, and cycle time increased. Corrective work was completed: the control valve was replaced.",Pneumatic,High,the control valve was replaced
535,Pneumatic Valve PV-135,"Maintenance personnel reported the compressor cycled frequently on the pneumatic valve pv-135 during the morning shift. Investigation identified a damaged pneumatic seal, and the unit entered a low-pressure condition. Corrective work was completed: the air filter was changed.",Pneumatic,Critical,the air filter was changed
737,Air Manifold AM-337,"Inspection found a cracked air line on the air manifold am-337; the valve responded slowly during automatic operation, and cycle time increased. Corrective work was completed: the blocked passage was cleaned.",Pneumatic,Medium,the blocked passage was cleaned
817,Hot-Air Oven O-167,"Maintenance personnel reported steam temperature exceeded the target on the hot-air oven o-167 while operating at high pressure. Investigation identified a blocked cooling passage, and the equipment entered protection mode. Corrective work was completed: the cooling circuit was cleaned.",Thermal,High,the cooling circuit was cleaned
147,Agitator AG-247,"Maintenance personnel reported increased mechanical noise on the agitator ag-247 during inspection. Investigation identified a worn bearing, and operator intervention was required. Corrective work was completed: damaged gears were replaced.",Mechanical,Critical,damaged gears were replaced
594,Air Dryer AD-194,"The air dryer ad-194 developed a fault linked to a defective control valve. Airflow became restricted when multiple actuators operated together, so operator intervention was required. Corrective work was completed: the regulator was recalibrated.",Pneumatic,Critical,the regulator was recalibrated
123,Rotary Feeder RF-223,"Maintenance personnel reported shaft oscillation on the rotary feeder rf-223 after a scheduled restart. Investigation identified seal deterioration, and output quality decreased. Corrective work was completed: belt tension was corrected.",Mechanical,Medium,belt tension was corrected
303,Distribution Board DB-153,"Inspection found an overloaded circuit on the distribution board db-153; repeated electrical trips occurred at peak operating speed, and an emergency stop was initiated. Corrective work was completed: the relay was replaced.",Electrical,Medium,the relay was replaced
529,Pneumatic Cylinder PC-129,"Inspection found a faulty pressure regulator on the pneumatic cylinder pc-129; air leakage was audible during automatic operation, and machine speed was reduced. Corrective work was completed: the regulator was recalibrated.",Pneumatic,Low,the regulator was recalibrated
895,Process Heater PH-245,"Inspection found a defective pressure valve on the process heater ph-245; heat transfer efficiency dropped during extended operation, and the equipment was taken offline. Corrective work was completed: the cooling passage was cleared.",Thermal,High,the cooling passage was cleared
746,Air Compressor AC-346,"The air compressor ac-346 developed a fault linked to a damaged pneumatic seal. System pressure fell below the target under continuous demand, so the actuator stopped. Corrective work was completed: the pneumatic seal was renewed.",Pneumatic,Medium,the pneumatic seal was renewed
342,Drive Motor DM-192,"A fault was detected on the drive motor dm-192 because of a loose terminal. Supply voltage dropped after an overnight shutdown, resulting in the machine could not continue operation. Corrective work was completed: the relay was replaced.",Electrical,Low,the relay was replaced
37,Shaft Assembly SA-137,"Inspection found roller damage on the shaft assembly sa-137; increased mechanical noise under variable load, and throughput dropped. Corrective work was completed: the shaft was realigned.",Mechanical,Low,the shaft was realigned
707,Pressure Regulator PR-307,"Maintenance personnel reported system pressure fell below the target on the pressure regulator pr-307 under continuous demand. Investigation identified moisture accumulation, and the equipment was taken offline. Corrective work was completed: the control valve was replaced.",Pneumatic,Medium,the control valve was replaced
988,Industrial Furnace F-338,"The industrial furnace f-338 developed a fault linked to a faulty temperature sensor. Cooling performance deteriorated under maximum thermal load, so the equipment was taken offline. Corrective work was completed: the thermostat was replaced.",Thermal,High,the thermostat was replaced
765,Thermal Chamber TC-115,"Maintenance personnel reported pressure increased unexpectedly on the thermal chamber tc-115 during continuous heating. Investigation identified insufficient heat dissipation, and an automatic shutdown occurred. Corrective work was completed: the temperature sensor was replaced.",Thermal,High,the temperature sensor was replaced
534,Air Filter Unit AF-134,"The air filter unit af-134 developed a fault linked to a faulty pressure regulator. System pressure fell below the target during a pressure test, so the equipment was taken offline. Corrective work was completed: the leaking hose was replaced.",Pneumatic,Low,the leaking hose was replaced
467,Servo Motor SM-317,"Inspection found a short circuit on the servo motor sm-317; the drive reported an overload under maximum load, and the unit required electrical inspection. Corrective work was completed: the contactor was replaced.",Electrical,High,the contactor was replaced
466,Generator GEN-316,"A fault was detected on the generator gen-316 because of a loose terminal. Current exceeded its normal range after the equipment was restarted, resulting in an emergency stop was initiated. Corrective work was completed: the terminal was tightened.",Electrical,Low,the terminal was tightened
10,Coupling CP-110,"The coupling cp-110 developed a fault linked to insufficient lubrication. Shaft oscillation after a long production cycle, so the component required immediate attention. Corrective work was completed: mounting hardware was tightened.",Mechanical,High,mounting hardware was tightened
239,Rotary Feeder RF-339,"Maintenance personnel reported repeated mechanical impact on the rotary feeder rf-339 during continuous operation. Investigation identified excessive belt tension, and the line operated at reduced speed. Corrective work was completed: the coupling was changed.",Mechanical,Medium,the coupling was changed
498,Control Panel CP-348,"A fault was detected on the control panel cp-348 because of voltage fluctuation. Motor temperature rose sharply during production changeover, resulting in production stopped. Corrective work was completed: the overload was corrected.",Electrical,Medium,the overload was corrected
352,Control Panel CP-202,"The control panel cp-202 developed a fault linked to insulation breakdown. The unit failed to start while accelerating, so the equipment remained unavailable. Corrective work was completed: the relay was replaced.",Electrical,Critical,the relay was replaced
753,Thermal Reactor TR-103,"Maintenance personnel reported pressure increased unexpectedly on the thermal reactor tr-103 after a long operating cycle. Investigation identified uneven heat distribution, and the process was paused. Corrective work was completed: thermal insulation was repaired.",Thermal,Critical,thermal insulation was repaired
221,Rotary Feeder RF-321,"Inspection found excessive belt tension on the rotary feeder rf-321; increased bearing temperature under variable load, and the unit was taken offline. Corrective work was completed: mounting hardware was tightened.",Mechanical,Critical,mounting hardware was tightened
172,Coupling CP-272,"A fault was detected on the coupling cp-272 because of roller damage. Strong vibration after a long production cycle, resulting in the machine tripped. Corrective work was completed: the coupling was changed.",Mechanical,Low,the coupling was changed
108,Mixer MX-208,"A fault was detected on the mixer mx-208 because of a loose mounting bolt. Strong vibration under variable load, resulting in the line operated at reduced speed. Corrective work was completed: lubrication was restored.",Mechanical,Critical,lubrication was restored
814,Oil Cooler OC-164,"A fault was detected on the oil cooler oc-164 because of excessive fuel input. The chamber overheated during a routine temperature check, resulting in the equipment entered protection mode. Corrective work was completed: the cooling passage was cleared.",Thermal,High,the cooling passage was cleared
58,Rotary Feeder RF-158,"The rotary feeder rf-158 developed a fault linked to shaft misalignment. Unstable rotational speed during startup, so output quality decreased. Corrective work was completed: the rotating assembly was balanced.",Mechanical,Low,the rotating assembly was balanced
318,Distribution Board DB-168,"A fault was detected on the distribution board db-168 because of voltage fluctuation. Voltage became unstable after an overnight shutdown, resulting in the equipment remained unavailable. Corrective work was completed: the voltage supply was stabilized.",Electrical,Low,the voltage supply was stabilized
634,Pneumatic Valve PV-234,"The pneumatic valve pv-234 developed a fault linked to a leaking hose. Pressure fluctuated during operation after a maintenance restart, so the actuator stopped. Corrective work was completed: the regulator was recalibrated.",Pneumatic,High,the regulator was recalibrated
7,Conveyor CV-107,"Maintenance personnel reported increased bearing temperature on the conveyor cv-107 while running at high speed. Investigation identified a loose mounting bolt, and the component required immediate attention. Corrective work was completed: the shaft was realigned.",Mechanical,Critical,the shaft was realigned
816,Steam Generator SG-166,"The steam generator sg-166 developed a fault linked to a blocked cooling passage. Oil temperature increased rapidly during startup heating, so the process was paused. Corrective work was completed: the thermostat was replaced.",Thermal,High,the thermostat was replaced
541,Air Manifold AM-141,"Inspection found a clogged air filter on the air manifold am-141; the valve responded slowly while the compressor was loaded, and the production cycle was delayed. Corrective work was completed: the control valve was replaced.",Pneumatic,Medium,the control valve was replaced
915,Heat Exchanger HX-265,"Inspection found a malfunctioning thermostat on the heat exchanger hx-265; the chamber overheated after a long operating cycle, and the process was paused. Corrective work was completed: the cooling circuit was cleaned.",Thermal,High,the cooling circuit was cleaned
357,Variable Frequency Drive VFD-207,"Maintenance personnel reported the unit failed to start on the variable frequency drive vfd-207 after the equipment was restarted. Investigation identified a short circuit, and an emergency stop was initiated. Corrective work was completed: the cable termination was corrected.",Electrical,Medium,the cable termination was corrected
950,Industrial Furnace F-300,"A fault was detected on the industrial furnace f-300 because of low coolant level. The unit could not maintain the set temperature during continuous heating, resulting in the line operated at reduced capacity. Corrective work was completed: thermal insulation was repaired.",Thermal,Low,thermal insulation was repaired
199,Roller Assembly RA-299,"Maintenance personnel reported intermittent knocking on the roller assembly ra-299 while running at high speed. Investigation identified insufficient lubrication, and operator intervention was required. Corrective work was completed: the bearing was replaced.",Mechanical,Low,the bearing was replaced
646,Air Receiver AR-246,"The air receiver ar-246 developed a fault linked to a faulty pressure regulator. The valve responded slowly under continuous demand, so machine speed was reduced. Corrective work was completed: the blocked passage was cleaned.",Pneumatic,Medium,the blocked passage was cleaned
650,Air Compressor AC-250,"The air compressor ac-250 developed a fault linked to a leaking hose. The valve responded slowly while the compressor was loaded, so production efficiency decreased. Corrective work was completed: the air filter was changed.",Pneumatic,Medium,the air filter was changed
951,Industrial Furnace F-301,"Inspection found low coolant level on the industrial furnace f-301; the unit could not maintain the set temperature during startup heating, and the process temperature became unstable. Corrective work was completed: heat dissipation was restored.",Thermal,Medium,heat dissipation was restored
755,Thermal Reactor TR-105,"Inspection found uneven heat distribution on the thermal reactor tr-105; the unit could not maintain the set temperature during continuous heating, and the line operated at reduced capacity. Corrective work was completed: heat dissipation was restored.",Thermal,Medium,heat dissipation was restored
930,Steam Generator SG-280,"A fault was detected on the steam generator sg-280 because of low coolant level. Heat transfer efficiency dropped during a routine temperature check, resulting in production was interrupted. Corrective work was completed: heat distribution was recalibrated.",Thermal,Low,heat distribution was recalibrated
776,Heat Exchanger HX-126,"The heat exchanger hx-126 developed a fault linked to a faulty temperature sensor. Surface temperature became excessive after a long operating cycle, so the process was paused. Corrective work was completed: heat dissipation was restored.",Thermal,Critical,heat dissipation was restored
456,Variable Frequency Drive VFD-306,"The variable frequency drive vfd-306 developed a fault linked to a failed contactor. The unit failed to start at peak operating speed, so the line lost power. Corrective work was completed: the contactor was replaced.",Electrical,Low,the contactor was replaced
672,Air Dryer AD-272,"A fault was detected on the air dryer ad-272 because of a blocked air passage. The actuator moved slowly during automatic operation, resulting in the production cycle was delayed. Corrective work was completed: the control valve was replaced.",Pneumatic,Medium,the control valve was replaced
165,Fan F-265,"Inspection found seal deterioration on the fan f-265; abnormal friction under full load, and the unit was taken offline. Corrective work was completed: damaged gears were replaced.",Mechanical,Critical,damaged gears were replaced
979,Industrial Furnace F-329,"Inspection found uneven heat distribution on the industrial furnace f-329; the unit could not maintain the set temperature during a routine temperature check, and the equipment entered protection mode. Corrective work was completed: the cooling circuit was cleaned.",Thermal,Medium,the cooling circuit was cleaned
615,Compressed-Air Line AL-215,"Maintenance personnel reported the compressor cycled frequently on the compressed-air line al-215 during the morning shift. Investigation identified a blocked air passage, and machine speed was reduced. Corrective work was completed: the cracked air line was repaired.",Pneumatic,Low,the cracked air line was repaired
259,Drive Motor DM-109,"Inspection found damaged motor winding on the drive motor dm-109; the drive reported an overload during routine testing, and the drive entered fault mode. Corrective work was completed: the electrical connection was replaced.",Electrical,Medium,the electrical connection was replaced
700,Air Dryer AD-300,"A fault was detected on the air dryer ad-300 because of a clogged air filter. The valve responded slowly during the morning shift, resulting in the production cycle was delayed. Corrective work was completed: the pneumatic seal was renewed.",Pneumatic,Medium,the pneumatic seal was renewed
68,Shaft Assembly SA-168,"A fault was detected on the shaft assembly sa-168 because of shaft misalignment. Repeated mechanical impact during peak production, resulting in the machine tripped. Corrective work was completed: the shaft was realigned.",Mechanical,Critical,the shaft was realigned
211,Gearbox GB-311,"Maintenance personnel reported intermittent knocking on the gearbox gb-311 under full load. Investigation identified shaft misalignment, and output quality decreased. Corrective work was completed: the rotating assembly was balanced.",Mechanical,Low,the rotating assembly was balanced
220,Conveyor CV-320,"A fault was detected on the conveyor cv-320 because of gear tooth wear. Intermittent knocking after a scheduled restart, resulting in production was stopped. Corrective work was completed: the seal was renewed.",Mechanical,Low,the seal was renewed
225,Mixer MX-325,"Inspection found seal deterioration on the mixer mx-325; increased mechanical noise during inspection, and the machine tripped. Corrective work was completed: the bearing was replaced.",Mechanical,Low,the bearing was replaced
202,Fan F-302,"The fan f-302 developed a fault linked to a cracked coupling. Belt tracking deviation under full load, so production was stopped. Corrective work was completed: the bearing was replaced.",Mechanical,Low,the bearing was replaced
391,Motor M-241,"Inspection found insulation breakdown on the motor m-241; the drive reported an overload after the equipment was restarted, and the equipment remained unavailable. Corrective work was completed: the relay was replaced.",Electrical,Low,the relay was replaced
476,Variable Frequency Drive VFD-326,"The variable frequency drive vfd-326 developed a fault linked to a loose terminal. Repeated electrical trips occurred while accelerating, so production capacity was reduced. Corrective work was completed: the motor winding was inspected.",Electrical,Low,the motor winding was inspected
267,Servo Motor SM-117,"Inspection found a loose terminal on the servo motor sm-117; repeated electrical trips occurred after the equipment was restarted, and the operator isolated the equipment. Corrective work was completed: the voltage supply was stabilized.",Electrical,High,the voltage supply was stabilized
468,Generator GEN-318,"The generator gen-318 developed a fault linked to a short circuit. The unit failed to start while accelerating, so the drive entered fault mode. Corrective work was completed: the terminal was tightened.",Electrical,High,the terminal was tightened
72,Rotary Feeder RF-172,"A fault was detected on the rotary feeder rf-172 because of insufficient lubrication. Increased bearing temperature during startup, resulting in maintenance was requested. Corrective work was completed: the seal was renewed.",Mechanical,High,the seal was renewed
531,Air Dryer AD-131,"Maintenance personnel reported pressure could not be maintained on the air dryer ad-131 at maximum air consumption. Investigation identified a defective control valve, and the unit entered a low-pressure condition. Corrective work was completed: the pneumatic seal was renewed.",Pneumatic,Low,the pneumatic seal was renewed
851,Process Heater PH-201,"Inspection found insufficient heat dissipation on the process heater ph-201; cooling performance deteriorated during peak production, and an emergency alarm was triggered. Corrective work was completed: the cooling passage was cleared.",Thermal,High,the cooling passage was cleared
705,Pneumatic Cylinder PC-305,"Inspection found moisture accumulation on the pneumatic cylinder pc-305; the cylinder failed to complete its stroke during repeated actuator cycles, and the actuator stopped. Corrective work was completed: the regulator was recalibrated.",Pneumatic,Low,the regulator was recalibrated
923,Hot-Air Oven O-273,"Inspection found poor thermal insulation on the hot-air oven o-273; the unit could not maintain the set temperature during extended operation, and the unit was isolated for inspection. Corrective work was completed: the cooling passage was cleared.",Thermal,Low,the cooling passage was cleared
787,Heat Exchanger HX-137,"Inspection found low coolant level on the heat exchanger hx-137; cooling performance deteriorated during continuous heating, and an automatic shutdown occurred. Corrective work was completed: the temperature sensor was replaced.",Thermal,High,the temperature sensor was replaced
284,Power Supply PS-134,"The power supply ps-134 developed a fault linked to a defective relay. Supply voltage dropped during continuous operation, so the equipment remained unavailable. Corrective work was completed: insulation was repaired.",Electrical,Low,insulation was repaired
268,Generator GEN-118,"The generator gen-118 developed a fault linked to a failed contactor. Voltage became unstable after the equipment was restarted, so the line lost power. Corrective work was completed: the terminal was tightened.",Electrical,High,the terminal was tightened
60,Fan F-160,"A fault was detected on the fan f-160 because of shaft misalignment. Strong vibration during inspection, resulting in output quality decreased. Corrective work was completed: the rollers were replaced.",Mechanical,High,the rollers were replaced
215,Agitator AG-315,"Maintenance personnel reported abnormal friction on the agitator ag-315 during inspection. Investigation identified seal deterioration, and the unit was taken offline. Corrective work was completed: mounting hardware was tightened.",Mechanical,Critical,mounting hardware was tightened
356,Generator GEN-206,"The generator gen-206 developed a fault linked to insulation breakdown. The unit failed to start during routine testing, so the motor tripped. Corrective work was completed: the relay was replaced.",Electrical,High,the relay was replaced
170,Pump P-270,"The pump p-270 developed a fault linked to gear tooth wear. Strong vibration during peak production, so maintenance was requested. Corrective work was completed: lubrication was restored.",Mechanical,Medium,lubrication was restored
179,Conveyor CV-279,"Maintenance personnel reported strong vibration on the conveyor cv-279 during continuous operation. Investigation identified an unbalanced rotating assembly, and the equipment was isolated. Corrective work was completed: the rollers were replaced.",Mechanical,Critical,the rollers were replaced
417,Starter ST-267,"Maintenance personnel reported current exceeded its normal range on the starter st-267 during startup. Investigation identified voltage fluctuation, and the line lost power. Corrective work was completed: the relay was replaced.",Electrical,High,the relay was replaced
518,Air Filter Unit AF-118,"The air filter unit af-118 developed a fault linked to a loose pipe fitting. The actuator moved slowly after filter replacement, so the unit entered a low-pressure condition. Corrective work was completed: the control valve was replaced.",Pneumatic,Low,the control valve was replaced
948,Thermal Reactor TR-298,"The thermal reactor tr-298 developed a fault linked to uneven heat distribution. Temperature rose above the permitted limit while operating at high pressure, so the process was paused. Corrective work was completed: the pressure valve was inspected.",Thermal,High,the pressure valve was inspected
437,Drive Motor DM-287,"Maintenance personnel reported motor temperature rose sharply on the drive motor dm-287 under maximum load. Investigation identified an overheated electrical connection, and the unit required electrical inspection. Corrective work was completed: the electrical connection was replaced.",Electrical,Critical,the electrical connection was replaced
254,Servo Motor SM-104,"A fault was detected on the servo motor sm-104 because of insulation breakdown. The drive reported an overload during startup, resulting in the drive entered fault mode. Corrective work was completed: the terminal was tightened.",Electrical,Medium,the terminal was tightened
711,Air Filter Unit AF-311,"Maintenance personnel reported airflow became restricted on the air filter unit af-311 at maximum air consumption. Investigation identified excessive pressure loss, and the pneumatic system was isolated. Corrective work was completed: the regulator was recalibrated.",Pneumatic,Medium,the regulator was recalibrated
935,Heat Exchanger HX-285,"Inspection found a malfunctioning thermostat on the heat exchanger hx-285; the unit could not maintain the set temperature while operating at high pressure, and operator intervention was required. Corrective work was completed: the temperature sensor was replaced.",Thermal,High,the temperature sensor was replaced
769,Thermal Chamber TC-119,"Maintenance personnel reported the chamber overheated on the thermal chamber tc-119 under maximum thermal load. Investigation identified a faulty temperature sensor, and the equipment entered protection mode. Corrective work was completed: heat distribution was recalibrated.",Thermal,High,heat distribution was recalibrated
248,Pump P-348,"A fault was detected on the pump p-348 because of gear tooth wear. Repeated mechanical impact during continuous operation, resulting in the component required immediate attention. Corrective work was completed: belt tension was corrected.",Mechanical,Critical,belt tension was corrected
747,Pneumatic Actuator PA-347,"Maintenance personnel reported air leakage was audible on the pneumatic actuator pa-347 during repeated actuator cycles. Investigation identified a leaking hose, and the pneumatic system was isolated. Corrective work was completed: the air filter was changed.",Pneumatic,Critical,the air filter was changed
460,Servo Motor SM-310,"The servo motor sm-310 developed a fault linked to an overheated electrical connection. The unit failed to start at peak operating speed, so the drive entered fault mode. Corrective work was completed: the cable termination was corrected.",Electrical,Critical,the cable termination was corrected
345,Starter ST-195,"Maintenance personnel reported repeated electrical trips occurred on the starter st-195 during routine testing. Investigation identified a short circuit, and an emergency stop was initiated. Corrective work was completed: the electrical connection was replaced.",Electrical,High,the electrical connection was replaced
413,Variable Frequency Drive VFD-263,"Maintenance personnel reported repeated electrical trips occurred on the variable frequency drive vfd-263 after the equipment was restarted. Investigation identified insulation breakdown, and production stopped. Corrective work was completed: the overload was corrected.",Electrical,Medium,the overload was corrected
482,Power Supply PS-332,"A fault was detected on the power supply ps-332 because of a defective relay. Supply voltage dropped during startup, resulting in the equipment remained unavailable. Corrective work was completed: the cable termination was corrected.",Electrical,High,the cable termination was corrected
873,Thermal Reactor TR-223,"Maintenance personnel reported oil temperature increased rapidly on the thermal reactor tr-223 during startup heating. Investigation identified a defective pressure valve, and the process was paused. Corrective work was completed: the cooling circuit was cleaned.",Thermal,Critical,the cooling circuit was cleaned
731,Pneumatic Cylinder PC-331,"Maintenance personnel reported the actuator moved slowly on the pneumatic cylinder pc-331 at maximum air consumption. Investigation identified a clogged air filter, and the production line paused. Corrective work was completed: the pressure circuit was inspected.",Pneumatic,High,the pressure circuit was inspected
548,Pneumatic Cylinder PC-148,"A fault was detected on the pneumatic cylinder pc-148 because of a cracked air line. The cylinder failed to complete its stroke after a maintenance restart, resulting in cycle time increased. Corrective work was completed: the control valve was replaced.",Pneumatic,Critical,the control valve was replaced
766,Thermal Chamber TC-116,"A fault was detected on the thermal chamber tc-116 because of restricted coolant flow. Cooling performance deteriorated during extended operation, resulting in the equipment entered protection mode. Corrective work was completed: coolant was replenished.",Thermal,Critical,coolant was replenished
528,Air Manifold AM-128,"A fault was detected on the air manifold am-128 because of a leaking hose. System pressure fell below the target under continuous demand, resulting in cycle time increased. Corrective work was completed: the blocked passage was cleaned.",Pneumatic,Low,the blocked passage was cleaned
217,Rotary Feeder RF-317,"Inspection found shaft misalignment on the rotary feeder rf-317; increased bearing temperature during startup, and operator intervention was required. Corrective work was completed: the shaft was realigned.",Mechanical,Critical,the shaft was realigned
63,Roller Assembly RA-163,"Maintenance personnel reported increased mechanical noise on the roller assembly ra-163 during inspection. Investigation identified shaft misalignment, and the equipment was isolated. Corrective work was completed: mounting hardware was tightened.",Mechanical,Low,mounting hardware was tightened
735,Pressure Regulator PR-335,"Maintenance personnel reported the compressor cycled frequently on the pressure regulator pr-335 during the morning shift. Investigation identified moisture accumulation, and cycle time increased. Corrective work was completed: the pneumatic seal was renewed.",Pneumatic,Medium,the pneumatic seal was renewed
307,Distribution Board DB-157,"Inspection found a loose terminal on the distribution board db-157; sparking was observed during production changeover, and production stopped. Corrective work was completed: insulation was repaired.",Electrical,Medium,insulation was repaired
981,Oil Cooler OC-331,"Maintenance personnel reported surface temperature became excessive on the oil cooler oc-331 after a long operating cycle. Investigation identified a defective pressure valve, and operator intervention was required. Corrective work was completed: the cooling circuit was cleaned.",Thermal,Medium,the cooling circuit was cleaned
960,Oil Cooler OC-310,"The oil cooler oc-310 developed a fault linked to uneven heat distribution. Temperature rose above the permitted limit under maximum thermal load, so the unit was isolated for inspection. Corrective work was completed: the pressure valve was inspected.",Thermal,Low,the pressure valve was inspected
382,Electrical Cabinet EC-232,"A fault was detected on the electrical cabinet ec-232 because of damaged motor winding. The unit failed to start while accelerating, resulting in an emergency stop was initiated. Corrective work was completed: the overload was corrected.",Electrical,Critical,the overload was corrected
24,Gearbox GB-124,"A fault was detected on the gearbox gb-124 because of shaft misalignment. Intermittent knocking during inspection, resulting in the component required immediate attention. Corrective work was completed: the seal was renewed.",Mechanical,Medium,the seal was renewed
13,Shaft Assembly SA-113,"Inspection found roller damage on the shaft assembly sa-113; shaft oscillation during peak production, and the component required immediate attention. Corrective work was completed: the rotating assembly was balanced.",Mechanical,Low,the rotating assembly was balanced
153,Roller Assembly RA-253,"Inspection found a worn bearing on the roller assembly ra-253; unstable rotational speed after a scheduled restart, and production was stopped. Corrective work was completed: lubrication was restored.",Mechanical,High,lubrication was restored
320,Control Panel CP-170,"The control panel cp-170 developed a fault linked to insulation breakdown. Intermittent power loss occurred during continuous operation, so the equipment remained unavailable. Corrective work was completed: the electrical connection was replaced.",Electrical,Critical,the electrical connection was replaced
461,Starter ST-311,"Maintenance personnel reported the drive reported an overload on the starter st-311 during startup. Investigation identified damaged motor winding, and the drive entered fault mode. Corrective work was completed: the electrical connection was replaced.",Electrical,High,the electrical connection was replaced
823,Oil Cooler OC-173,"Inspection found excessive fuel input on the oil cooler oc-173; cooling performance deteriorated while operating at high pressure, and operator intervention was required. Corrective work was completed: the cooling circuit was cleaned.",Thermal,Critical,the cooling circuit was cleaned
397,Control Panel CP-247,"Maintenance personnel reported motor temperature rose sharply on the control panel cp-247 during continuous operation. Investigation identified a loose terminal, and the drive entered fault mode. Corrective work was completed: the electrical connection was replaced.",Electrical,Low,the electrical connection was replaced
742,Air Dryer AD-342,"The air dryer ad-342 developed a fault linked to a clogged air filter. The cylinder failed to complete its stroke after filter replacement, so the equipment was taken offline. Corrective work was completed: the air filter was changed.",Pneumatic,Critical,the air filter was changed
577,Pneumatic Valve PV-177,"Inspection found excessive pressure loss on the pneumatic valve pv-177; pressure fluctuated during operation during automatic operation, and production efficiency decreased. Corrective work was completed: the pipe fitting was tightened.",Pneumatic,Medium,the pipe fitting was tightened
400,Power Supply PS-250,"The power supply ps-250 developed a fault linked to voltage fluctuation. Intermittent power loss occurred after an overnight shutdown, so production capacity was reduced. Corrective work was completed: insulation was repaired.",Electrical,Low,insulation was repaired
888,Process Heater PH-238,"The process heater ph-238 developed a fault linked to excessive fuel input. Oil temperature increased rapidly while operating at high pressure, so an automatic shutdown occurred. Corrective work was completed: the cooling circuit was cleaned.",Thermal,Critical,the cooling circuit was cleaned
422,Generator GEN-272,"A fault was detected on the generator gen-272 because of a defective relay. Intermittent power loss occurred after the equipment was restarted, resulting in the unit required electrical inspection. Corrective work was completed: the voltage supply was stabilized.",Electrical,Low,the voltage supply was stabilized
655,Air Dryer AD-255,"Maintenance personnel reported pressure could not be maintained on the air dryer ad-255 during a pressure test. Investigation identified a leaking hose, and production efficiency decreased. Corrective work was completed: the moisture separator was serviced.",Pneumatic,Low,the moisture separator was serviced
616,Air Compressor AC-216,"A fault was detected on the air compressor ac-216 because of excessive pressure loss. The actuator moved slowly during repeated actuator cycles, resulting in cycle time increased. Corrective work was completed: the leaking hose was replaced.",Pneumatic,Critical,the leaking hose was replaced
177,Roller Assembly RA-277,"Inspection found shaft misalignment on the roller assembly ra-277; abnormal friction during inspection, and output quality decreased. Corrective work was completed: belt tension was corrected.",Mechanical,High,belt tension was corrected
661,Pneumatic Cylinder PC-261,"Inspection found a faulty pressure regulator on the pneumatic cylinder pc-261; the cylinder failed to complete its stroke during a pressure test, and the pneumatic system was isolated. Corrective work was completed: the regulator was recalibrated.",Pneumatic,Low,the regulator was recalibrated
785,Hot-Air Oven O-135,"Maintenance personnel reported the unit could not maintain the set temperature on the hot-air oven o-135 after a cooling-system restart. Investigation identified a malfunctioning thermostat, and the line operated at reduced capacity. Corrective work was completed: thermal insulation was repaired.",Thermal,High,thermal insulation was repaired
773,Thermal Chamber TC-123,"Maintenance personnel reported oil temperature increased rapidly on the thermal chamber tc-123 during a routine temperature check. Investigation identified restricted coolant flow, and the process was paused. Corrective work was completed: fuel input was adjusted.",Thermal,High,fuel input was adjusted
592,Pneumatic Actuator PA-192,"A fault was detected on the pneumatic actuator pa-192 because of a faulty pressure regulator. The pneumatic circuit became unstable at maximum air consumption, resulting in the unit entered a low-pressure condition. Corrective work was completed: the pneumatic seal was renewed.",Pneumatic,Low,the pneumatic seal was renewed
696,Air Dryer AD-296,"A fault was detected on the air dryer ad-296 because of a faulty pressure regulator. Pressure could not be maintained during repeated actuator cycles, resulting in the unit entered a low-pressure condition. Corrective work was completed: the air filter was changed.",Pneumatic,Medium,the air filter was changed
770,Heat Exchanger HX-120,"A fault was detected on the heat exchanger hx-120 because of low coolant level. Oil temperature increased rapidly under maximum thermal load, resulting in the equipment entered protection mode. Corrective work was completed: the pressure valve was inspected.",Thermal,Medium,the pressure valve was inspected
193,Agitator AG-293,"Inspection found shaft misalignment on the agitator ag-293; abnormal friction during peak production, and throughput dropped. Corrective work was completed: lubrication was restored.",Mechanical,Medium,lubrication was restored
821,Hot-Air Oven O-171,"Maintenance personnel reported cooling performance deteriorated on the hot-air oven o-171 under maximum thermal load. Investigation identified uneven heat distribution, and the equipment was taken offline. Corrective work was completed: heat distribution was recalibrated.",Thermal,High,heat distribution was recalibrated
464,Drive Motor DM-314,"The drive motor dm-314 developed a fault linked to insulation breakdown. Supply voltage dropped under maximum load, so the machine could not continue operation. Corrective work was completed: the contactor was replaced.",Electrical,High,the contactor was replaced
365,Starter ST-215,"Maintenance personnel reported current exceeded its normal range on the starter st-215 during startup. Investigation identified a loose terminal, and the motor tripped. Corrective work was completed: the cable termination was corrected.",Electrical,High,the cable termination was corrected
280,Control Panel CP-130,"The control panel cp-130 developed a fault linked to voltage fluctuation. Current exceeded its normal range during routine testing, so the unit required electrical inspection. Corrective work was completed: the motor winding was inspected.",Electrical,Critical,the motor winding was inspected
299,Variable Frequency Drive VFD-149,"Inspection found damaged motor winding on the variable frequency drive vfd-149; current exceeded its normal range during routine testing, and the machine could not continue operation. Corrective work was completed: the electrical connection was replaced.",Electrical,Critical,the electrical connection was replaced
738,Pressure Regulator PR-338,"The pressure regulator pr-338 developed a fault linked to a faulty pressure regulator. The valve responded slowly after filter replacement, so the pneumatic system was isolated. Corrective work was completed: the pipe fitting was tightened.",Pneumatic,Low,the pipe fitting was tightened
4,Mixer MX-104,"A fault was detected on the mixer mx-104 because of an unbalanced rotating assembly. Shaft oscillation under variable load, resulting in maintenance was requested. Corrective work was completed: damaged gears were replaced.",Mechanical,Critical,damaged gears were replaced
798,Thermal Chamber TC-148,"A fault was detected on the thermal chamber tc-148 because of insufficient heat dissipation. Surface temperature became excessive during startup heating, resulting in the process was paused. Corrective work was completed: the thermostat was replaced.",Thermal,Critical,the thermostat was replaced
557,Pressure Regulator PR-157,"Inspection found a damaged pneumatic seal on the pressure regulator pr-157; the cylinder failed to complete its stroke while the compressor was loaded, and the unit entered a low-pressure condition. Corrective work was completed: the regulator was recalibrated.",Pneumatic,Critical,the regulator was recalibrated
757,Boiler B-107,"Maintenance personnel reported steam temperature exceeded the target on the boiler b-107 after a cooling-system restart. Investigation identified a faulty temperature sensor, and production was interrupted. Corrective work was completed: thermal insulation was repaired.",Thermal,High,thermal insulation was repaired
378,Drive Motor DM-228,"A fault was detected on the drive motor dm-228 because of voltage fluctuation. The drive reported an overload at peak operating speed, resulting in the motor tripped. Corrective work was completed: the cable termination was corrected.",Electrical,Low,the cable termination was corrected
678,Compressed-Air Line AL-278,"The compressed-air line al-278 developed a fault linked to a clogged air filter. Pressure could not be maintained at maximum air consumption, so the equipment was taken offline. Corrective work was completed: the pressure circuit was inspected.",Pneumatic,Critical,the pressure circuit was inspected
800,Steam Generator SG-150,"The steam generator sg-150 developed a fault linked to insufficient heat dissipation. Heat transfer efficiency dropped during peak production, so the equipment was taken offline. Corrective work was completed: the cooling circuit was cleaned.",Thermal,High,the cooling circuit was cleaned
282,Electrical Cabinet EC-132,"A fault was detected on the electrical cabinet ec-132 because of an overloaded circuit. Sparking was observed during routine testing, resulting in the machine could not continue operation. Corrective work was completed: the contactor was replaced.",Electrical,Critical,the contactor was replaced
125,Rotary Feeder RF-225,"Inspection found a cracked coupling on the rotary feeder rf-225; repeated mechanical impact during peak production, and the line operated at reduced speed. Corrective work was completed: the rotating assembly was balanced.",Mechanical,Critical,the rotating assembly was balanced
19,Gearbox GB-119,"Maintenance personnel reported belt tracking deviation on the gearbox gb-119 during startup. Investigation identified insufficient lubrication, and throughput dropped. Corrective work was completed: the seal was renewed.",Mechanical,Low,the seal was renewed
150,Fan F-250,"The fan f-250 developed a fault linked to a loose mounting bolt. Belt tracking deviation during continuous operation, so maintenance was requested. Corrective work was completed: the bearing was replaced.",Mechanical,Low,the bearing was replaced
251,Control Panel CP-101,"Inspection found insulation breakdown on the control panel cp-101; the unit failed to start at peak operating speed, and the machine could not continue operation. Corrective work was completed: the contactor was replaced.",Electrical,High,the contactor was replaced
84,Roller Assembly RA-184,"A fault was detected on the roller assembly ra-184 because of gear tooth wear. Strong vibration under full load, resulting in the equipment was isolated. Corrective work was completed: mounting hardware was tightened.",Mechanical,Medium,mounting hardware was tightened
8,Shaft Assembly SA-108,"A fault was detected on the shaft assembly sa-108 because of a cracked coupling. Intermittent knocking under full load, resulting in the component required immediate attention. Corrective work was completed: damaged gears were replaced.",Mechanical,Critical,damaged gears were replaced
31,Fan F-131,"Maintenance personnel reported uneven rotation on the fan f-131 during continuous operation. Investigation identified insufficient lubrication, and production was stopped. Corrective work was completed: belt tension was corrected.",Mechanical,Medium,belt tension was corrected
143,Gearbox GB-243,"Maintenance personnel reported strong vibration on the gearbox gb-243 during inspection. Investigation identified gear tooth wear, and maintenance was requested. Corrective work was completed: mounting hardware was tightened.",Mechanical,Low,mounting hardware was tightened
298,Motor M-148,"A fault was detected on the motor m-148 because of damaged motor winding. Intermittent power loss occurred after an overnight shutdown, resulting in the machine could not continue operation. Corrective work was completed: the terminal was tightened.",Electrical,Critical,the terminal was tightened
485,Distribution Board DB-335,"Maintenance personnel reported sparking was observed on the distribution board db-335 during startup. Investigation identified a failed contactor, and the drive entered fault mode. Corrective work was completed: insulation was repaired.",Electrical,Critical,insulation was repaired
181,Roller Assembly RA-281,"Inspection found roller damage on the roller assembly ra-281; repeated mechanical impact while running at high speed, and the component required immediate attention. Corrective work was completed: the bearing was replaced.",Mechanical,High,the bearing was replaced
676,Air Dryer AD-276,"A fault was detected on the air dryer ad-276 because of a faulty pressure regulator. The actuator moved slowly during the morning shift, resulting in cycle time increased. Corrective work was completed: the blocked passage was cleaned.",Pneumatic,Medium,the blocked passage was cleaned
683,Air Dryer AD-283,"Maintenance personnel reported air leakage was audible on the air dryer ad-283 while the compressor was loaded. Investigation identified a loose pipe fitting, and production efficiency decreased. Corrective work was completed: the pneumatic seal was renewed.",Pneumatic,Low,the pneumatic seal was renewed
658,Air Dryer AD-258,"The air dryer ad-258 developed a fault linked to a cracked air line. Air leakage was audible during the morning shift, so the production cycle was delayed. Corrective work was completed: the cracked air line was repaired.",Pneumatic,Critical,the cracked air line was repaired
701,Air Dryer AD-301,"Inspection found a blocked air passage on the air dryer ad-301; air leakage was audible after filter replacement, and operator intervention was required. Corrective work was completed: the air filter was changed.",Pneumatic,High,the air filter was changed
491,Drive Motor DM-341,"Inspection found a short circuit on the drive motor dm-341; the unit failed to start after an overnight shutdown, and production capacity was reduced. Corrective work was completed: the overload was corrected.",Electrical,Medium,the overload was corrected
708,Compressed-Air Line AL-308,"A fault was detected on the compressed-air line al-308 because of a blocked air passage. The cylinder failed to complete its stroke after a maintenance restart, resulting in production efficiency decreased. Corrective work was completed: the pneumatic seal was renewed.",Pneumatic,Medium,the pneumatic seal was renewed
353,Servo Motor SM-203,"Maintenance personnel reported the equipment shut down unexpectedly on the servo motor sm-203 during continuous operation. Investigation identified poor cable termination, and the machine could not continue operation. Corrective work was completed: the electrical connection was replaced.",Electrical,Low,the electrical connection was replaced
845,Industrial Furnace F-195,"Maintenance personnel reported temperature rose above the permitted limit on the industrial furnace f-195 during extended operation. Investigation identified poor thermal insulation, and the process temperature became unstable. Corrective work was completed: fuel input was adjusted.",Thermal,Critical,fuel input was adjusted
662,Air Filter Unit AF-262,"The air filter unit af-262 developed a fault linked to a defective control valve. Pressure fluctuated during operation when multiple actuators operated together, so production efficiency decreased. Corrective work was completed: the pipe fitting was tightened.",Pneumatic,Low,the pipe fitting was tightened
50,Fan F-150,"The fan f-150 developed a fault linked to insufficient lubrication. Unstable rotational speed under variable load, so the component required immediate attention. Corrective work was completed: lubrication was restored.",Mechanical,Low,lubrication was restored
374,Control Panel CP-224,"A fault was detected on the control panel cp-224 because of a short circuit. Repeated electrical trips occurred during startup, resulting in the equipment remained unavailable. Corrective work was completed: the overload was corrected.",Electrical,Medium,the overload was corrected
182,Agitator AG-282,"The agitator ag-282 developed a fault linked to roller damage. Repeated mechanical impact during peak production, so output quality decreased. Corrective work was completed: the shaft was realigned.",Mechanical,High,the shaft was realigned
180,Agitator AG-280,"A fault was detected on the agitator ag-280 because of excessive belt tension. Belt tracking deviation after a long production cycle, resulting in the equipment was isolated. Corrective work was completed: the coupling was changed.",Mechanical,Low,the coupling was changed
575,Pneumatic Cylinder PC-175,"Maintenance personnel reported the cylinder failed to complete its stroke on the pneumatic cylinder pc-175 while the compressor was loaded. Investigation identified a loose pipe fitting, and operator intervention was required. Corrective work was completed: the regulator was recalibrated.",Pneumatic,High,the regulator was recalibrated
567,Air Dryer AD-167,"Maintenance personnel reported the valve responded slowly on the air dryer ad-167 during the morning shift. Investigation identified a clogged air filter, and the actuator stopped. Corrective work was completed: the pipe fitting was tightened.",Pneumatic,Low,the pipe fitting was tightened
325,Power Supply PS-175,"Maintenance personnel reported supply voltage dropped on the power supply ps-175 after an overnight shutdown. Investigation identified a short circuit, and production stopped. Corrective work was completed: insulation was repaired.",Electrical,Medium,insulation was repaired
484,Motor M-334,"The motor m-334 developed a fault linked to voltage fluctuation. The drive reported an overload at peak operating speed, so the equipment remained unavailable. Corrective work was completed: the cable termination was corrected.",Electrical,Medium,the cable termination was corrected
134,Rotary Feeder RF-234,"The rotary feeder rf-234 developed a fault linked to gear tooth wear. Increased bearing temperature under full load, so maintenance was requested. Corrective work was completed: the shaft was realigned.",Mechanical,Low,the shaft was realigned
238,Pump P-338,"The pump p-338 developed a fault linked to insufficient lubrication. Belt tracking deviation while running at high speed, so the component required immediate attention. Corrective work was completed: lubrication was restored.",Mechanical,Medium,lubrication was restored
252,Distribution Board DB-102,"The distribution board db-102 developed a fault linked to voltage fluctuation. The unit failed to start at peak operating speed, so the machine could not continue operation. Corrective work was completed: the motor winding was inspected.",Electrical,High,the motor winding was inspected
104,Conveyor CV-204,"A fault was detected on the conveyor cv-204 because of roller damage. Increased mechanical noise after a scheduled restart, resulting in operator intervention was required. Corrective work was completed: the bearing was replaced.",Mechanical,Low,the bearing was replaced
586,Pneumatic Cylinder PC-186,"The pneumatic cylinder pc-186 developed a fault linked to a clogged air filter. The compressor cycled frequently during repeated actuator cycles, so the production cycle was delayed. Corrective work was completed: the leaking hose was replaced.",Pneumatic,Medium,the leaking hose was replaced
744,Air Manifold AM-344,"A fault was detected on the air manifold am-344 because of excessive pressure loss. Air leakage was audible after a maintenance restart, resulting in the equipment was taken offline. Corrective work was completed: the air filter was changed.",Pneumatic,Low,the air filter was changed
229,Rotary Feeder RF-329,"Inspection found a loose mounting bolt on the rotary feeder rf-329; increased bearing temperature after a long production cycle, and operator intervention was required. Corrective work was completed: belt tension was corrected.",Mechanical,Critical,belt tension was corrected
415,Drive Motor DM-265,"Inspection found a failed contactor on the drive motor dm-265; intermittent power loss occurred under maximum load, and the drive entered fault mode. Corrective work was completed: the relay was replaced.",Electrical,Medium,the relay was replaced
477,Motor M-327,"Maintenance personnel reported the equipment shut down unexpectedly on the motor m-327 while accelerating. Investigation identified a failed contactor, and production stopped. Corrective work was completed: the cable termination was corrected.",Electrical,High,the cable termination was corrected
832,Heat Exchanger HX-182,"The heat exchanger hx-182 developed a fault linked to excessive fuel input. Cooling performance deteriorated after a long operating cycle, so the line operated at reduced capacity. Corrective work was completed: the cooling circuit was cleaned.",Thermal,Critical,the cooling circuit was cleaned
152,Rotary Feeder RF-252,"A fault was detected on the rotary feeder rf-252 because of excessive belt tension. Increased mechanical noise during inspection, resulting in the machine tripped. Corrective work was completed: the seal was renewed.",Mechanical,High,the seal was renewed
409,Power Supply PS-259,"Maintenance personnel reported voltage became unstable on the power supply ps-259 during routine testing. Investigation identified an overloaded circuit, and production stopped. Corrective work was completed: the contactor was replaced.",Electrical,Medium,the contactor was replaced
412,Distribution Board DB-262,"The distribution board db-262 developed a fault linked to damaged motor winding. Voltage became unstable during production changeover, so the line lost power. Corrective work was completed: the cable termination was corrected.",Electrical,High,the cable termination was corrected
395,Servo Motor SM-245,"Inspection found poor cable termination on the servo motor sm-245; motor temperature rose sharply under maximum load, and the motor tripped. Corrective work was completed: the cable termination was corrected.",Electrical,High,the cable termination was corrected
509,Pressure Regulator PR-109,"Inspection found a damaged pneumatic seal on the pressure regulator pr-109; pressure fluctuated during operation during repeated actuator cycles, and the production cycle was delayed. Corrective work was completed: the pneumatic seal was renewed.",Pneumatic,Critical,the pneumatic seal was renewed
560,Pressure Regulator PR-160,"A fault was detected on the pressure regulator pr-160 because of a blocked air passage. System pressure fell below the target while the compressor was loaded, resulting in the production cycle was delayed. Corrective work was completed: the pressure circuit was inspected.",Pneumatic,High,the pressure circuit was inspected
965,Thermal Chamber TC-315,"Maintenance personnel reported pressure increased unexpectedly on the thermal chamber tc-315 while operating at high pressure. Investigation identified a blocked cooling passage, and the equipment entered protection mode. Corrective work was completed: heat dissipation was restored.",Thermal,High,heat dissipation was restored
311,Generator GEN-161,"Inspection found damaged motor winding on the generator gen-161; motor temperature rose sharply under maximum load, and the operator isolated the equipment. Corrective work was completed: the relay was replaced.",Electrical,Medium,the relay was replaced
326,Drive Motor DM-176,"A fault was detected on the drive motor dm-176 because of a loose terminal. Motor temperature rose sharply during continuous operation, resulting in the machine could not continue operation. Corrective work was completed: the relay was replaced.",Electrical,Low,the relay was replaced
166,Coupling CP-266,"The coupling cp-266 developed a fault linked to shaft misalignment. Intermittent knocking during startup, so the component required immediate attention. Corrective work was completed: the bearing was replaced.",Mechanical,High,the bearing was replaced
226,Rotary Feeder RF-326,"The rotary feeder rf-326 developed a fault linked to a cracked coupling. Abnormal friction under full load, so operator intervention was required. Corrective work was completed: belt tension was corrected.",Mechanical,Low,belt tension was corrected
854,Industrial Furnace F-204,"A fault was detected on the industrial furnace f-204 because of poor thermal insulation. Steam temperature exceeded the target during startup heating, resulting in an automatic shutdown occurred. Corrective work was completed: the pressure valve was inspected.",Thermal,Low,the pressure valve was inspected
228,Pump P-328,"A fault was detected on the pump p-328 because of a worn bearing. Repeated mechanical impact after a scheduled restart, resulting in the unit was taken offline. Corrective work was completed: damaged gears were replaced.",Mechanical,Critical,damaged gears were replaced
733,Compressed-Air Line AL-333,"Inspection found a clogged air filter on the compressed-air line al-333; pressure could not be maintained after filter replacement, and the actuator stopped. Corrective work was completed: the air filter was changed.",Pneumatic,High,the air filter was changed
665,Compressed-Air Line AL-265,"Inspection found a blocked air passage on the compressed-air line al-265; air leakage was audible when multiple actuators operated together, and the actuator stopped. Corrective work was completed: the regulator was recalibrated.",Pneumatic,High,the regulator was recalibrated
584,Pressure Regulator PR-184,"A fault was detected on the pressure regulator pr-184 because of moisture accumulation. The cylinder failed to complete its stroke under continuous demand, resulting in the unit entered a low-pressure condition. Corrective work was completed: the pressure circuit was inspected.",Pneumatic,High,the pressure circuit was inspected
408,Servo Motor SM-258,"The servo motor sm-258 developed a fault linked to a loose terminal. Voltage became unstable during continuous operation, so production stopped. Corrective work was completed: the terminal was tightened.",Electrical,Critical,the terminal was tightened
925,Hot-Air Oven O-275,"Maintenance personnel reported cooling performance deteriorated on the hot-air oven o-275 during a routine temperature check. Investigation identified a blocked cooling passage, and the process was paused. Corrective work was completed: thermal insulation was repaired.",Thermal,High,thermal insulation was repaired
89,Rotary Feeder RF-189,"Inspection found a loose mounting bolt on the rotary feeder rf-189; intermittent knocking under full load, and the equipment was isolated. Corrective work was completed: damaged gears were replaced.",Mechanical,Critical,damaged gears were replaced
99,Pump P-199,"Maintenance personnel reported intermittent knocking on the pump p-199 during continuous operation. Investigation identified shaft misalignment, and operator intervention was required. Corrective work was completed: the shaft was realigned.",Mechanical,High,the shaft was realigned
301,Electrical Cabinet EC-151,"Maintenance personnel reported voltage became unstable on the electrical cabinet ec-151 during startup. Investigation identified poor cable termination, and the drive entered fault mode. Corrective work was completed: the voltage supply was stabilized.",Electrical,High,the voltage supply was stabilized
159,Coupling CP-259,"Maintenance personnel reported uneven rotation on the coupling cp-259 after a scheduled restart. Investigation identified insufficient lubrication, and the line operated at reduced speed. Corrective work was completed: the rollers were replaced.",Mechanical,Critical,the rollers were replaced
223,Coupling CP-323,"Maintenance personnel reported increased bearing temperature on the coupling cp-323 after recent maintenance. Investigation identified insufficient lubrication, and production was stopped. Corrective work was completed: the coupling was changed.",Mechanical,Critical,the coupling was changed
78,Rotary Feeder RF-178,"The rotary feeder rf-178 developed a fault linked to seal deterioration. Abnormal friction during continuous operation, so the equipment was isolated. Corrective work was completed: belt tension was corrected.",Mechanical,Low,belt tension was corrected
389,Variable Frequency Drive VFD-239,"Maintenance personnel reported the equipment shut down unexpectedly on the variable frequency drive vfd-239 at peak operating speed. Investigation identified damaged motor winding, and an emergency stop was initiated. Corrective work was completed: insulation was repaired.",Electrical,Medium,insulation was repaired
401,Variable Frequency Drive VFD-251,"Maintenance personnel reported supply voltage dropped on the variable frequency drive vfd-251 after the equipment was restarted. Investigation identified a defective relay, and the motor tripped. Corrective work was completed: insulation was repaired.",Electrical,Medium,insulation was repaired
666,Air Receiver AR-266,"The air receiver ar-266 developed a fault linked to a blocked air passage. Pressure fluctuated during operation at maximum air consumption, so operator intervention was required. Corrective work was completed: the blocked passage was cleaned.",Pneumatic,Medium,the blocked passage was cleaned
235,Agitator AG-335,"Maintenance personnel reported unstable rotational speed on the agitator ag-335 under variable load. Investigation identified a worn bearing, and maintenance was requested. Corrective work was completed: damaged gears were replaced.",Mechanical,Critical,damaged gears were replaced
912,Cooling Unit CU-262,"The cooling unit cu-262 developed a fault linked to low coolant level. Thermal reading fluctuated during peak production, so production was interrupted. Corrective work was completed: coolant was replenished.",Thermal,Low,coolant was replenished
900,Industrial Furnace F-250,"The industrial furnace f-250 developed a fault linked to excessive fuel input. Pressure increased unexpectedly under maximum thermal load, so the line operated at reduced capacity. Corrective work was completed: thermal insulation was repaired.",Thermal,High,thermal insulation was repaired
457,Motor M-307,"Maintenance personnel reported supply voltage dropped on the motor m-307 after a power fluctuation. Investigation identified a loose terminal, and the line lost power. Corrective work was completed: the electrical connection was replaced.",Electrical,High,the electrical connection was replaced
692,Air Receiver AR-292,"A fault was detected on the air receiver ar-292 because of excessive pressure loss. The cylinder failed to complete its stroke while the compressor was loaded, resulting in the actuator stopped. Corrective work was completed: the cracked air line was repaired.",Pneumatic,Critical,the cracked air line was repaired
255,Distribution Board DB-105,"Inspection found damaged motor winding on the distribution board db-105; intermittent power loss occurred after a power fluctuation, and the motor tripped. Corrective work was completed: the damaged cable was repaired.",Electrical,Medium,the damaged cable was repaired
929,Industrial Furnace F-279,"Maintenance personnel reported steam temperature exceeded the target on the industrial furnace f-279 during peak production. Investigation identified excessive fuel input, and an emergency alarm was triggered. Corrective work was completed: thermal insulation was repaired.",Thermal,Critical,thermal insulation was repaired
488,Variable Frequency Drive VFD-338,"The variable frequency drive vfd-338 developed a fault linked to a loose terminal. Supply voltage dropped under maximum load, so the drive entered fault mode. Corrective work was completed: the contactor was replaced.",Electrical,Low,the contactor was replaced
973,Industrial Furnace F-323,"Maintenance personnel reported pressure increased unexpectedly on the industrial furnace f-323 while operating at high pressure. Investigation identified poor thermal insulation, and the line operated at reduced capacity. Corrective work was completed: the temperature sensor was replaced.",Thermal,Critical,the temperature sensor was replaced
907,Oil Cooler OC-257,"Inspection found restricted coolant flow on the oil cooler oc-257; temperature rose above the permitted limit while operating at high pressure, and the process temperature became unstable. Corrective work was completed: the thermostat was replaced.",Thermal,Critical,the thermostat was replaced
810,Steam Generator SG-160,"A fault was detected on the steam generator sg-160 because of excessive fuel input. Steam temperature exceeded the target during peak production, resulting in production was interrupted. Corrective work was completed: heat distribution was recalibrated.",Thermal,Low,heat distribution was recalibrated
636,Pneumatic Valve PV-236,"A fault was detected on the pneumatic valve pv-236 because of a cracked air line. Airflow became restricted during automatic operation, resulting in the production cycle was delayed. Corrective work was completed: the leaking hose was replaced.",Pneumatic,Low,the leaking hose was replaced
547,Compressed-Air Line AL-147,"Maintenance personnel reported the cylinder failed to complete its stroke on the compressed-air line al-147 during a pressure test. Investigation identified a loose pipe fitting, and production efficiency decreased. Corrective work was completed: the pipe fitting was tightened.",Pneumatic,Low,the pipe fitting was tightened
450,Variable Frequency Drive VFD-300,"A fault was detected on the variable frequency drive vfd-300 because of a failed contactor. The unit failed to start during startup, resulting in an emergency stop was initiated. Corrective work was completed: the relay was replaced.",Electrical,High,the relay was replaced
39,Agitator AG-139,"Maintenance personnel reported increased mechanical noise on the agitator ag-139 during peak production. Investigation identified seal deterioration, and the unit was taken offline. Corrective work was completed: the rollers were replaced.",Mechanical,Critical,the rollers were replaced
645,Air Manifold AM-245,"Inspection found excessive pressure loss on the air manifold am-245; pressure fluctuated during operation during automatic operation, and the production cycle was delayed. Corrective work was completed: the pipe fitting was tightened.",Pneumatic,Medium,the pipe fitting was tightened
17,Mixer MX-117,"Inspection found insufficient lubrication on the mixer mx-117; repeated mechanical impact while running at high speed, and operator intervention was required. Corrective work was completed: damaged gears were replaced.",Mechanical,Low,damaged gears were replaced
551,Air Manifold AM-151,"Maintenance personnel reported the cylinder failed to complete its stroke on the air manifold am-151 during automatic operation. Investigation identified a clogged air filter, and operator intervention was required. Corrective work was completed: the cracked air line was repaired.",Pneumatic,Critical,the cracked air line was repaired
270,Control Panel CP-120,"A fault was detected on the control panel cp-120 because of a failed contactor. Motor temperature rose sharply after a power fluctuation, resulting in production stopped. Corrective work was completed: the electrical connection was replaced.",Electrical,Medium,the electrical connection was replaced
632,Compressed-Air Line AL-232,"A fault was detected on the compressed-air line al-232 because of excessive pressure loss. The cylinder failed to complete its stroke after filter replacement, resulting in the unit entered a low-pressure condition. Corrective work was completed: the cracked air line was repaired.",Pneumatic,Medium,the cracked air line was repaired
782,Hot-Air Oven O-132,"A fault was detected on the hot-air oven o-132 because of a blocked cooling passage. Surface temperature became excessive after a long operating cycle, resulting in the unit was isolated for inspection. Corrective work was completed: the thermostat was replaced.",Thermal,Critical,the thermostat was replaced
914,Steam Generator SG-264,"A fault was detected on the steam generator sg-264 because of a faulty temperature sensor. Temperature rose above the permitted limit while processing a high-temperature batch, resulting in the equipment was taken offline. Corrective work was completed: fuel input was adjusted.",Thermal,Low,fuel input was adjusted
367,Variable Frequency Drive VFD-217,"Inspection found a defective relay on the variable frequency drive vfd-217; intermittent power loss occurred under maximum load, and the operator isolated the equipment. Corrective work was completed: insulation was repaired.",Electrical,Critical,insulation was repaired
